"C1","C2","C3","C4","C5","C6","C7","C8","C9","C10","C11","C12","C13","C14","C15","C16","C17","C18","C19","C20","C21","C22","C23","C24","C25","C26","C27","C28","C29","C30","C31","C32","C33","C34","C35","C36","C37","C38","C39","C40","C41","C42","C43","C44","C45","C46","C47","C48","C49","C50","C51","C52","C53","C54","C55","C56","C57","C58","C59","C60","C61","C62","C63","C64","C65","C66","C67","C68","C69","C70","C71","C72","C73","C74","C75","C76","C77","C78","C79","C80","C81","C82","C83","C84","C85","C86","C87","C88","C89","C90","C91","C92","C93","C94","C95","C96","C97","C98","C99","C100","C101"
-0.635417747614734,-0.5791295617823874,-0.6763206268647967,-0.6049699262389205,-0.6255725663764435,-0.07684973057352973,-0.11755725663419264,0.05253135535186234,-2.1487987133074253,-0.708732071977127,-2.234343587005747,0.3333154263517336,-1.4209028565497008,-0.6171010802734107,-0.161439514190987,0.9782589439636685,-0.2063517204059846,0.6355039328951699,-0.9389044398417247,0.9545962893006762,1.0591528177701524,-2.2256863782301317,-1.675741463259903,0.4466996799621227,-1.254807312123295,-0.18274284219690975,-0.6370788485167628,-0.4466002806882152,0.6496267075900649,0.13930329704845618,-0.0607570174946966,0.5854287038205595,-0.7329945814757621,-1.4977534573345268,-0.723757788553212,-0.8508496783209714,-0.344662910082037,-0.5601192797905602,1.4041320459070703,0.449966048337106,-0.06101711080899739,1.308798995902934,1.1178054445720258,0.3319045026658858,1.1122515117514582,0.26459018722669964,0.9568150556895366,0.553014839852518,0.15953373257765413,-0.38450977204589837,-0.9180549679935798,1.0489906998455638,0.07714219882206988,1.0667009183617544,0.054127871788722234,-0.2838431694747453,-1.9392796193082023,-0.7277465998923791,0.3108146754387773,0.2425321084806253,-0.9195556976533533,0.7531303328927509,0.11321268914839475,0.5658037107496408,0.10778735054649739,0.5375595879272267,0.2135840060110179,-0.43552830297684797,0.865841807646089,-1.4715157697213515,-0.6925984322641506,-0.7781409028195192,-0.29217862975774694,0.571478084124218,0.07963266503527618,-0.831627673946288,-0.6704853899722612,-1.9285152391266491,0.6916162434769422,0.8824811813659155,0.22281783281022907,0.11807780104487693,-1.315316167363304,-0.2799092611500177,0.8711933961899508,0.4638106496656281,-1.3677366887087685,1.1854086213193096,0.5120580199339934,0.43944206951425574,-0.8978008693854287,-0.34036202042948477,0.4546752744853498,0.680193894133723,-0.8533795665969791,-0.5196448530474457,0.32507448967600083,-0.39874123723408267,-0.8650253227504084,0.98715339679789,2.0834258820464546
0.7891202469324735,-0.029943442879996472,-0.03043293645362962,1.0158946489954888,0.40240451549855405,-0.9679386382253584,-0.4165096064505672,0.046567026928599736,0.10389646914735877,-0.2188180286361167,1.6748994830402164,-0.019630645655218583,0.6332957193540908,-0.3717752945697456,-0.3419165238003012,2.3174503560932522,0.1981363802767595,0.9639441139607838,0.4965924098164467,0.584767819847059,-1.3396505942519294,-0.7569104770031457,-1.856345876994672,0.8044095976507296,0.152276706625898,-0.054473202767646806,-0.9458986763854804,-0.7824058203969883,0.9450994638771891,-1.6244227337290957,-3.309953262645249,0.8654980556125924,1.580694898303818,1.3428189506847803,-0.14301767471204513,-1.9321150737611323,1.0749660810847737,1.415178241311045,-0.15743415935576632,-1.0484442880051976,0.3111386023360398,0.02483671062525992,1.4967099787442562,-0.39247411889364414,-0.4600042760046877,0.3974546415145566,-2.291784409315242,-0.3543609051746207,0.5028061395502217,0.3173304336754379,0.7157305992779713,1.5640826937547645,-0.6943963031754056,0.7940534025467642,2.9256792380013645,-1.6619178666212584,-0.7264080015927115,0.5473702888978149,2.152552194436049,-0.8955704077374914,-0.25537932047825285,0.47833118868496377,0.12930243838911418,-0.22849443575459683,0.7184217694278775,-0.40309754968212014,-0.8098940803798413,-0.4199903944161408,2.140260177934191,-0.4337526241158676,-0.5952754047711607,1.3586440783106695,0.29283755581092374,2.65816055689431,0.011471682774564979,-1.4217243978768757,-1.4958323877704707,0.8935271801216536,-0.5679594989690011,0.7377980802623945,0.4593085688681503,-0.3483776507593175,-2.0897661608676494,-0.5580306480224559,-1.4762416856662404,-0.864061901171646,1.3320508628052468,-0.6151500744195426,1.6604209071552891,1.457975145761177,1.1117493528156432,0.6364851233082118,0.5623256292209203,0.12732381660526804,-1.5773149818150638,-0.9305464322106789,-0.9014749234359739,-0.7632273655087972,-0.7036323288784279,0.6376352006048784,0.38445101671187554
1.6059394246340295,1.0491317458852167,0.16205493564822426,-0.5169853185644877,0.10995725584463228,0.4587716712246362,-0.5318093052402497,2.6138009590790032,-1.5062083044295786,0.1842500222681323,1.186120206166833,-0.6438027884733608,-1.8463271303968813,0.7493818493556925,-0.9435629295671374,0.3670585496579579,0.37575092170997815,-1.2069506839874382,0.22424114251980046,-0.45609013836954,-1.345122212297504,1.1632062772419893,0.6916618459865455,-0.08781978983820622,0.4726905742730245,0.19756105942840077,1.4188337990238569,0.07695506095715753,0.7598583533768397,-0.8655730379638239,-0.3073406900449735,-0.7420351596425728,0.05161246576465609,-0.04795903779757355,-2.2004973366103404,-0.10245941917293994,0.07595580277277768,-0.26153437289628817,-0.687090023142157,0.6203040901236699,0.7048136674529106,0.8843656302381746,0.7806751652510534,-0.799571817421077,1.5706325402948311,1.138044894776159,0.41256740761651406,1.16907354012291,-0.931351743998987,-1.4767545515925715,-0.9450674550756004,0.07097634070029002,-0.9583334927067694,-2.511809574246176,-0.3566778457414175,-0.9986777340634261,0.6152245071725315,0.09241161925778618,-0.010037624882113573,-1.9013422910573077,0.10014538894030676,-0.6736817508622912,-0.13757690849570056,-1.652841354874164,-0.3129147518842082,-1.508869452586873,-0.07826759968100253,1.7465139305063702,-0.8612834426222817,1.0739035198666844,-0.37818004547010753,-0.21603131709248077,0.055083281043206665,-1.0788222645247245,0.36628867210746263,-0.6396583436626679,1.5722195527110143,0.6232463931922533,1.4736522491062478,1.0216034105278557,0.5878522051567543,-1.7885803897921937,-0.44839420520217854,-1.1246821772378357,0.18682807125799716,-0.9795492593288825,0.9524331051213588,0.812574306611902,-1.4563392097011625,1.5813832251828661,0.13004898600176437,0.15594233645232003,-0.9084048362188689,0.955393878587355,0.7803794964830687,-0.6564100807989493,-0.04779194577758857,0.08887934835150986,-0.46541475118634945,1.0631257224482165,0.9002713130139081
0.3391100213421551,1.1509619441598475,1.701446743577,-0.12941517463765848,1.2785008139077076,-0.9603374733019922,-0.0757507759513145,-0.8643511234468121,-1.6106987334057854,-1.7979533223711446,0.034645241695233336,2.174594551991562,-0.06413291056440545,-0.9570682601153056,0.9685012633317415,0.6032851889560285,0.18593683871739627,2.5444615251394005,1.3795298146239598,0.9671792376020219,0.1619036713643985,0.15994522003442588,-0.5128485107890876,1.3210630392603686,-0.14490334658232762,1.0247758134951057,0.08022617956330082,0.28547286322422755,0.7912811687532005,0.9540078121977735,1.615004195861932,1.4733394827978448,1.0467408947061345,0.6614096726262262,-0.028760549227531438,0.8176848622308885,0.08631092848380582,0.39354133289569654,-0.976212418137389,-0.3188651669068444,0.41498060917301177,-0.5530598226331345,1.2144336530710025,0.6870036112098714,-0.03685423003048492,0.8169783135075647,-0.2105066174446771,-1.178084491923961,0.1325209172907515,-1.0179344735125226,-1.025752192073524,0.6521485512184303,-0.9081416527284479,-0.06265703325966283,-1.0641702914369524,0.356285750383064,0.9734489412990329,-0.8903601055067081,-0.17926004850323066,0.16342934964807473,0.875657391230601,0.7287862408598651,-0.8146777599976097,-0.9988535447118309,-0.7898217275292211,0.10198566084446814,-0.05856659681893076,-0.6149082285414071,0.17241677664962324,0.45464879494122923,-1.7239658787410406,-0.9241179793086712,1.0485333781568695,1.0983291969738955,0.5925124071380918,0.2612228765972578,0.8875748948253568,0.18023171043020839,-1.2114900505916095,0.033320594361749396,-2.577725340910025,-2.155099055961337,-0.7493374900922577,2.1692019525743222,2.4574381550188704,-0.8247788116416379,0.3934106029573902,0.1959738520878381,-1.7723704341031705,1.5623390479277985,0.06566249490264807,1.0394154624102647,0.018883361119616884,0.4762412232324544,1.0502851290091835,0.5899702550822517,-1.1626431746845538,0.17214556179854607,0.35780300670936466,1.9460833370141932,-1.153738767138925
0.4221662552553687,-0.5571725022474359,-0.669984526454548,-0.14877024548583445,-0.7913041669557315,0.3188787942881072,-0.946037842276497,0.002032592544156628,-1.0485840071422186,-0.956570726276588,-0.5338583362311974,-1.1151811820701045,0.4714565205811723,-0.86000040127823,-0.3100744021091015,0.05790557859937948,-0.3253999133710781,-1.1758016309838004,1.142363272264906,-1.0271187918972413,0.5199381970023265,-0.41083157299242284,0.4653392704078128,-1.4794247790391877,0.4504754728461069,0.21535763644889513,0.9486452850452568,-1.6784374369883162,-0.2835106584455497,0.3548611473898006,-1.167281260957531,-0.8709552477120577,-0.15827397664299236,1.7334370089107225,1.0971360932907959,1.4139019607380017,1.1904056127835096,0.23020291504874174,0.04603482325926815,-2.70979982806658,1.77080259685935,-1.0851484810867185,-0.5987875745054397,-0.06346136930543421,-0.9972718804863802,1.5348243986963936,1.0151861835384817,-0.27846594189765567,0.4813986476530558,-0.338266843840624,0.6740083156603287,-0.07078904136044879,0.25806331415635325,-0.44917120380697295,0.06373803637439947,1.1615164699763154,-0.7941541903907345,-1.2978929878308532,1.66052052070892,0.7564658435195903,1.0748542488866715,0.3648287429047488,1.306941566027315,0.6506902499048188,0.4753342917518404,1.0021860781518674,-0.8472615505236235,-1.33830141914254,-0.11307301383504731,-0.10741102309728735,0.8590336596447088,-2.473555989543103,-2.9659930494098283,0.2640949461752371,2.377737458264184,-0.7961616882423055,-0.4832033587393012,0.17405091571181347,1.0827628646379028,0.2509522019312507,1.3379831998770115,0.07879001968544692,0.040013168692681386,1.1243046636948797,0.4585044875578486,-1.9841992845012129,-0.1222133310175164,1.6723321622484366,0.8098806464858108,-0.8862545398776974,-0.20826297074559297,0.22744114739507754,-1.8208846631949336,-1.3569011497763437,-1.5509168657142427,-0.29883205878776653,0.6944255428095159,0.2939005427687096,0.494672754254659,1.1346190110708783,1.0844290005805335
0.9933914028878724,-0.44992794952266735,0.32754291518657386,0.2373818760871066,0.37749408119881833,1.5409358812129796,1.3726175347672689,-0.41804915336825443,0.2785262776422734,0.010881651691003977,1.2220258594143463,0.41018053246722275,0.9101341212673877,0.29168783262834636,1.2235980343497233,-0.021903407091852487,0.05333707138164917,1.635351574293506,0.4306457492810225,-0.9564396391488028,-0.662240647178987,0.6027579081848123,0.17418038089095345,1.494377960153021,0.816956005075616,-0.45252966839389613,1.395028616237262,0.31530528210896314,1.3788164355265646,0.507695229199855,-0.7540552765629792,-1.2662553961323753,-0.6193641159974433,0.2696426379971334,-1.0651002784669412,0.38694753538266174,-0.02734221686343073,-0.1466353273574282,0.24550273194921582,1.1986655705977367,-1.3537080362122873,-0.21667107706096944,0.43182085483181,0.7952782068358137,0.016680987804367456,1.1609572941541886,-1.7337087783581384,-0.15226367352812215,-0.29282331020405966,0.3426164188719533,-0.03668008631645176,-0.5100520794815876,0.11115420612306506,1.120866192168737,-0.305823520033142,-1.143374527629186,-0.7380575241483026,0.5318160521767176,1.3217186990825656,-1.835220339042152,0.2959707474370375,-1.0528109400579952,0.740779904515084,-1.119716034104799,2.224938670326241,-1.2493683465238885,-1.3035839944849434,-0.8799581567753184,1.7534843261658875,-0.01919739375569329,-0.03114485744358451,-0.40497034375501334,-0.5811115520234343,-0.014552931245910823,-0.8709731647633343,-1.5656604527225324,0.5622184992933152,0.6055045921547121,-0.16637895738972797,0.9596323273169571,1.4907338342820573,0.03850268330612512,0.8813314671598005,-0.33461992377285604,-0.6171041366701544,2.398577841973888,-0.9491683430206641,0.47425638159254757,-1.720878516102738,1.241261845011936,0.9171261370834218,1.25571067242428,0.4012329435715083,0.07370834748537275,0.11973042187423212,0.0014735190137810086,0.6370957631373727,0.29633304945858113,0.2453036652188087,0.365745373317155,-1.1194550924185396
0.06603293660267602,-0.6499927888937891,-1.1927339332812021,-2.6285328592607375,1.5943571416755025,-0.7877881330127585,-1.1113031367363522,-0.0701480420104791,0.7684412938561036,0.40528546971898266,-0.7727717895542188,1.1115702601181445,-0.5406561362316249,1.246967260349298,1.3033957657142194,-0.05968422933137744,1.1417811504503128,-0.12471109538208644,-1.3169968270416956,0.5851373745896102,0.5645745925780358,0.724960725382277,1.3739900025877787,2.170990311379678,-0.5719745297815607,0.17000989932645189,1.447166380243007,-0.9874111504117791,0.8560432370867763,-0.6021500298561473,-0.9201346018085925,-0.6590057440513539,-0.5703856567452442,0.7969334013957383,0.7843955459278914,-0.5646253799512292,-1.985146380076568,0.08290093763186167,-0.3004624457944076,0.5437497533498824,-0.5822872282628174,-1.5029404325771765,-1.0182938589359354,-1.5831698156926814,0.119361415121785,-0.8878947106243789,-1.2093590351936325,1.0054853630030063,1.603313298266504,0.5111281510699645,0.40251340003521535,0.4975437455989617,-0.9543805227388237,1.0141423812663963,0.3235799161908283,0.07902005069920094,-0.6346158534457569,0.29506432546991096,-0.5378199759375946,-1.798327578450303,0.11593844909089104,0.47720188412237396,-0.4686498425000863,0.4111496014605649,-0.24708691452157183,-1.483323452294429,-1.0075871003924528,0.29017887502135314,-1.434876321786958,-1.495594636551124,-0.09775980961971266,1.1027260475186458,-1.929290267149922,-1.6878669274065081,0.7721977139156249,-0.4853681940752895,0.01835622025375333,1.761621285623715,0.16707881165875468,-0.26668768127615594,0.2921481998203627,1.2826353114115931,-0.5002167898166012,-0.42629585781038815,0.41027132078833434,0.31262492492270855,-1.2641191155329814,-0.567367777528623,-0.6286552400510633,-0.8238347612437993,0.44817341751602574,0.027978041698889886,0.3922519942314529,1.3069330755911186,0.28317279297474585,0.5657320716183751,-1.102356574340265,-0.8131015285603441,0.3063893227156551,-0.4925716467627358,-0.4594545200528928
1.9839645192025372,-0.734253912229563,1.8006312606592625,-1.1777836272264295,-1.5376347680256235,-0.13862729418041292,-0.5095049640264683,0.48548676253084794,-0.5231296518980778,1.3824987400538216,-1.0251605344375436,-0.07468174063824795,0.6068977643073735,-0.3520527130650467,1.7190320035129574,-0.30584821219923886,-0.8477867704433686,-0.3043930407766697,-0.21978123289243795,-0.40800025385018734,-0.6451821416133965,0.6899960377884372,-0.5556879711090047,1.0267284160598873,-0.7740112356806583,-0.574695031718234,-0.04504774006690604,1.4567226827880206,-0.4512106204345733,-2.0223887686998,0.3300379068447816,-0.028121151404863282,-0.4414513579585135,-2.0127311575657783,-0.566778915380158,-0.16964539740229226,1.4342611109232406,0.2961924635693709,1.7985554130209718,-1.0677299186328528,-0.3011490272431118,2.360934758034977,-0.8169713067557963,0.5153969245760801,1.0492645009270762,-0.2101505911889656,-0.17958899062621805,-0.4708559870113787,-0.8764753225948619,-0.27833510898609787,-0.4212170412557249,0.09031121304792787,-0.43684937731996537,-1.8031142472417911,-0.10232701478835039,-0.21034962377423752,-0.38355007745248554,-0.2369593594255845,-0.5186021532041716,1.7093033154861186,-1.5793694508727876,1.7423556515121668,1.426980600406638,-1.4767853651546758,0.41952137965630043,-0.6643008131550772,0.14010252152751337,0.1717179112025986,-0.14262252338935458,-1.0844558022894824,-0.28321275057256734,0.9475187257182145,-0.8053239056633258,1.310158634642075,1.11341278375048,1.5032027561805097,0.3334575065587673,-0.2233711485765852,1.0180533111829657,0.35689424764428757,-0.2829401547544928,0.4185191830374859,-0.20104272468274112,-1.3054206429416104,1.541071634070552,0.14105463438002663,1.0602540600934374,-0.3442448933258058,0.19962092790524935,1.0327359151188646,-0.17613147444423616,1.0696959830881536,0.23818335582520275,-0.5211427736712934,-0.12090654258641646,0.10858968653448352,-1.6854944033656067,0.1324732118624488,0.07697498034824092,-1.875162088981531,-0.3810996130565851
0.09963114727897937,-0.28349462051048396,-0.20793615435504684,-0.10856457022623515,0.7402586277238415,0.26085283738510806,0.8772028745647568,1.6880409043649818,-1.9121403417501477,-0.6263977607207499,0.4936296215683752,1.3007807800817004,0.1487126767658643,-0.1605568313169861,0.7908647226671395,0.14987222349669513,1.0419500800835424,0.5119366995991904,-0.3870472328965865,1.7114342396072402,-0.18977859040928352,-0.5553047329637576,-1.1777011288100676,1.159386324203518,-0.1609834112188312,1.667495929050706,1.7875083703025936,-1.5982963679389404,0.09403992734548319,-0.4062840475185839,1.333471923839857,-0.7696973054485282,-0.2602377315970618,0.965200140395114,0.1557557408331036,-0.6472870776919459,0.2375782941827738,0.15512915177242664,0.003141089744886366,-0.12581367958723225,0.4312030522096983,-0.18057535619475282,-0.21202852700503286,-0.23881904394341139,0.394359854588087,-1.20942419235671,0.4716327905296143,-1.841036239956683,1.7593577598701946,-1.877003425184968,-0.4913081742925235,-2.7347126984844268,0.8122199974442353,0.5652147377527891,-0.6126275375392897,-0.06970583071701474,-1.0100132922585223,0.007532113942046344,0.9688805983907062,-0.3987270361022324,1.4311348617557147,0.06348707938344154,-0.4573890115758231,-0.1843224626038173,2.5604993702320655,-0.25748182764008154,0.6078124913138677,-0.6253975478259589,-0.5274280246692233,1.3090127933975757,-0.519988155821058,-0.9629555221920337,0.4372956493931238,1.3262296561121663,-0.784855249886468,0.9042895531210647,0.8899976014320312,0.28225623461758814,2.644297303537888,0.9352947062851552,0.6402741507070063,-0.12156979151656762,0.9580731345577682,1.0513276074567706,-0.2065888627555806,-1.673644601557767,-0.7850276138936068,0.4363521329496544,1.367478381747979,-0.8565462440912426,-0.07437543454352555,0.2829470863057251,-0.5633212762356497,0.44239353310502205,-1.8840587324178086,0.27190757704411683,-1.0576002656163705,0.551508215412833,0.5484191137897909,1.0179317354112976,0.3158100020963101
-0.5028283566919394,0.3015637393449674,-0.6434318258559814,0.9615489516280573,0.22233544740526617,-0.0944315882239683,1.6839327179526995,-0.6088657649460479,0.009249933810939682,-0.4017936766966895,0.37940599064050845,0.9950437161450692,2.0813503257638466,1.0505107318009506,-1.1017565118025794,0.8179996643205897,-0.9294544994132769,-0.6928232500241056,-0.014041659048487006,0.5210974839403507,-0.532055430079692,-1.4711436703002818,0.07954799612938786,-0.4083972841668318,1.059050670206107,0.7485761393904933,0.6392506576695128,-0.9560762128670322,1.5548515472836546,-0.20797929188650288,0.2603505068486958,0.6081099023807882,-0.13043776324634684,-2.764485029807952,0.5883784233334451,0.6774985173243683,-0.9769629172064778,-0.705236728219641,-0.1549555704530012,0.6356236384679809,0.8155692961943587,-1.0915981419981018,-0.8199583336360509,0.5653708399012416,2.230009573971874,0.3357111176762037,-1.6855203947878417,0.39293987830719523,-0.9310547164889252,0.10248661166843163,2.5669526250263273,-2.054720696460772,-0.011769566347976726,-1.576191592898053,0.8130272335764956,2.294979913059269,0.909868473275387,-1.700180552191449,0.6892850592887579,-1.2098429507917872,0.09392412030596033,0.5793984853083671,1.2046652219907916,-0.6144822556076404,0.145290395465902,-0.6878658824992907,-1.544824479464103,-1.2507295129814167,0.720513825077829,-0.01948393391617501,-1.579334876369651,1.2995649935732156,-0.8748606673748923,2.2551173830728026,-0.6606486917410162,-1.482796391862471,0.5458928414883492,-0.3008700651512946,-0.9821749689417846,1.1125928136385335,0.08983978560557329,-0.33732183300916563,0.19974216769548264,1.6971238410597849,-0.42229240868833956,0.6272582136156817,-0.6800694378819627,0.8031460616994067,-0.04965737339831303,-1.4178239505975059,0.08167173081612346,0.17812638090633898,-0.677110346554602,-0.4350227383917724,-1.4778088630855584,0.07636889310223113,0.2749655832604043,-1.3081017226061353,0.10276484533935733,0.038613286919221945,-0.8583624897682504
-0.04066831024420372,0.6174315260143714,0.5545218869134196,-0.11272589196665941,-0.566599370638143,-2.617102915885225,0.6274261247470899,1.3303620688617814,-0.2500811123465145,0.5350821368080557,-0.21487123645308687,0.33546775741752205,0.7244938335174372,0.3292186458669912,-0.5288984393512881,1.1478514498281434,0.40156140265536144,-0.3363205929381006,-0.7024562451696547,-1.551186468588678,1.038415095998484,1.3321167542761017,-0.2593426713907695,-0.8453775822891431,-0.9940506797281031,0.016768417713252676,-0.1302013254718262,-0.037986107821161484,-0.18175053607625086,0.6557365395393039,-0.49545768025373627,-0.6997351644534665,-0.37513669462663307,-1.206399915446754,2.8376057484074986,1.4421428812580144,0.6864948021011799,2.2194157681455597,-0.2729091012489623,1.3354392076128327,-0.7213247202939992,0.27077403155839236,1.4509905992618384,-0.5530401947776308,0.30994479513458295,-0.6529169930430799,1.4445950804586132,0.7822664980370733,-0.15336415923821933,0.836938902276645,0.0615093921207638,0.28466226083045654,-1.4277624631477996,0.7977525804364526,0.8918795269264924,0.008938243289275795,-0.15536241077460153,0.5008657113318116,-0.6337043482157898,-0.856253413267724,0.42962123698435417,0.1607230619514895,1.2479589594508718,-0.7338499193595132,0.20295792371010585,-0.563663448231081,-0.1601865897055211,-0.6855210742157477,1.4206593573632647,0.1664375507686547,2.0133894843379463,-0.8185167311700512,0.4377058824877605,-0.623959197767045,0.276829365859571,-2.0542488146543403,-0.6508848335715711,0.6708689898279425,0.43323407515203904,2.2991166860838383,1.2398886114507135,-0.6714681598825842,-1.0653801566564294,-0.35446080501014043,0.4147215752101957,0.4024469626008421,1.26116629583215,-1.0229532095028666,-0.33352338933920017,0.5927362003824163,-1.0619648825815018,0.11327597817604705,-0.39539230967801403,0.0264710213459197,-0.5633474204276064,-1.4634377224555244,0.392821150921762,0.9144943812103497,-0.5605819103036345,-0.3512808593318075,2.035445970784285
0.9185651610294308,0.6805895693714499,1.1121371787721213,0.608394385625013,0.13470895128102423,-1.8489059350638353,0.01821217410654151,-1.4125313586673425,-1.1374988528118462,0.7954633270915328,-0.18427886173134952,0.264247670132179,-0.6225264617860828,-0.963964055650635,0.6204061390195697,-0.05586780862282369,0.45019086935819547,0.38309059184418426,1.6116724033368193,2.25737017323201,-1.1137988273660637,-1.7847189658969733,0.9031419556859243,1.0353879756209452,-0.2591703202521283,1.6058913386759877,-0.8804594950356415,0.43095105782288634,-0.0356520212987253,0.875602124749303,-1.0873611083998076,0.39351383694830055,0.3982028750184851,0.012967916574963724,-0.16781540463522415,0.8015835841073812,-0.7465742838942427,0.6688869581146102,-1.8309804012922795,2.634924256825104,-0.07137960557215703,-0.4996898038377164,-1.4174957473202279,0.03835310726067431,-0.4537178439758205,-0.05026285452429238,-0.07416827027684439,0.7218047062388374,1.6647257702643083,-1.1158915794699356,-0.8013087748010802,0.18003499706771597,-0.7704193964248692,-0.6158996933981662,1.1457042440857568,-0.775304150176853,0.24797699344783453,0.4434041331269522,0.23865850844744632,0.3348244647763735,0.667727276912152,-1.090311058494797,0.4708049116638514,0.7817777629663667,1.755042396846854,-1.2370671003777345,-0.3990342640598009,0.4160233226233687,0.5595912284412409,-0.39947990893448887,-0.2517279746935316,0.36360922103407234,0.8068229810949021,-0.6215869769154345,-0.20491469997757894,-0.7982122960137881,0.9604565589509668,-0.14854870674597836,0.9283355977327613,0.2349246221262749,-2.1122866389112187,0.41059668706486785,0.25494462875901397,1.084313670554062,-0.2180079821447848,-0.5175993346042054,-0.11935796420085032,-0.06954788182573625,0.2759114350825419,-1.0147324420736912,-0.31951979022663474,-1.1031482299055853,-0.7894966167808395,-0.9946476562541805,-0.9089053711074615,-0.29492940594709866,0.707386683091047,2.170052719279244,-0.1349412673770398,-1.4025398989980677,-0.8882170965990046
0.45668614383100276,-1.154422071251299,0.6106049679959946,-1.673552459862215,1.5177729783405287,0.23485884825629724,-0.06502581037110189,1.4908235281271032,1.7354595792102652,-0.11371433064989393,-0.011643623436582583,0.4969388901556828,0.3813418928132078,0.1436214399888512,-1.265235212603785,-0.4500056822652694,1.9559197475851822,0.1458173862750422,2.0317571375688717,1.214863905028672,0.6497490226105498,-0.2417227700607867,0.053345755245771426,1.4320045427923533,-1.6476615035774524,-0.652301275234977,2.009067958891862,1.496520482742725,0.6315608813404942,0.7741764482182959,-0.3912673567749885,2.138120879587325,-0.0034179625407719603,2.1016436397336546,0.968658999199229,1.4642307807094084,-1.60037618034817,0.17543424449133574,-0.5256477342010516,0.6330164579203296,-1.0217047657108658,0.05146110882132971,-1.9994524097653228,0.45703748941791,-1.6953232244256191,-0.3651862142949976,-0.2575430946166514,-0.5404023248797295,0.4951938472809034,0.28492966202098735,1.0501637376542514,0.13665061434268064,1.2273300524359079,0.7205881386688787,-0.27418616080151037,-1.013882119138124,3.248219818425883,0.028003949330292495,-0.08597912505411974,-0.3920273723509832,-0.38882092144216884,1.1701799528060048,-0.12317332959723074,0.8274785701907561,1.2033140972620215,0.6410022807635653,0.05726319102855876,-1.0242537303116153,1.4653546917715332,-0.10279335335373342,0.5952713928759571,1.3452783965359472,0.2981351524650086,0.6209825551289955,-1.017090510545775,0.7441502529173056,-1.0931627445926908,-0.26762823343007763,-0.42376656558303893,1.839348605635817,2.8043183486300483,0.11635654249722249,1.9278434106932196,2.098877399838675,0.46816665549388153,0.82856379328501,-0.8376521969083388,-1.891539097497131,-0.3123281023018698,-0.11706149787644846,-0.10507067696623877,-0.2434621778696381,-0.3955999204605571,-0.018358723603042186,-0.0438898888024932,0.26151820730298075,0.5784681399111853,-1.8787463620332814,-0.2963976779944963,0.8354257347702017,-1.4837434161573697
-0.6711860565571073,-1.1450005677332515,1.3265449499361888,0.06559664647348831,-0.26823420269935366,-1.1391878971930933,-0.7616643285230751,0.2306384797859159,-0.022653530415538133,-0.8409194877628334,-0.667101012788389,0.4873489076667622,1.5832207340994249,0.10055837790250917,0.38403051038441194,1.5182282733978616,-0.6063846187767065,-1.4312327466027441,1.3050482369752616,1.3000122978909059,-1.1107674828348175,0.019164555625552283,0.2677734048723571,-0.4967124223641934,-1.105260452893279,-0.563835498256459,-0.30538086038556606,-0.34760613639215,-0.982399647689561,0.3542804402221534,0.17647110929028295,-1.178600485594269,1.5429802797384184,0.6319478952201347,0.621028712651907,-0.1129180969717005,0.6739866511574828,-0.9062210384522111,0.4180069308767863,-0.45640632204198567,-0.4540643860806324,-1.087584851218166,-1.7244202355722253,-0.714342053702547,1.7181812928047675,-1.615214272967442,-0.38991330182947204,-0.8627102223802476,-0.1362830621948689,-0.26478756476269244,0.36316051930542004,-0.580217969910578,-2.3888400017910887,-0.8482543993064781,-0.1179821106315574,0.16803343389022413,0.5125434126225995,2.0415290121601495,0.5228197044685854,0.14811347361555433,-0.7006437573718881,-1.2940470901431227,0.13492392785753268,0.9378837478946629,-0.6623398388147345,-0.7390762364316109,1.6771335129306746,0.5874425153459781,1.7291421025599731,0.22541161525462744,-0.10157405096731145,-0.12258646067158249,-0.4020651676170768,0.8326430513296408,1.1953022758190857,-0.4650273433024317,1.3760501668423522,1.745137047930885,0.20421747876380789,-0.6010164168129759,0.13797326568818558,0.4903407201916436,1.883300996613294,-0.49493138745985327,-1.1016638024294603,-1.1611185132784647,-0.5414669409268711,-1.4669239390001432,-1.203979764528352,-2.866018423842555,-0.9204616729205877,-2.44112483804477,-0.33845371148298975,-0.5683135878009075,2.3493102438975453,-0.28822633320977736,-0.8197720383748441,-0.19584996350964137,-0.34131631204683616,0.2891076894526955,-0.9220844807715202
1.5543147815507787,-0.015133288814613302,1.6412210818214408,-1.131217906344545,-1.8485510198528576,-1.476648333900563,-2.0042811328227765,0.5221419453674068,2.0366143470360583,0.5139220668782116,-0.08032217924025747,-1.0430086195311634,-1.3888636431070436,1.8340887755602773,-0.34922314236982116,0.20290621838644193,0.48462568096837044,0.019613473380916586,0.7070889447744289,0.8410694283573381,0.5040869697075443,1.2102753956836032,0.5096849541382414,0.8015619571391599,1.0488145909459765,0.27846581201261233,0.7066633980522155,0.07639777630908197,-0.38647804008203557,-0.24561823062292581,0.06616508248464094,-0.3988358930237281,-0.03701158856479429,-0.0809775684819865,0.004160567387325595,-1.0683494963099416,-1.2215614910380395,0.7167628485197396,-0.4937817571985257,-0.09650660600699701,0.09362749544291044,-0.9762166580540632,0.8714273581139576,0.9398206530576507,-0.7616470589856401,0.8082708942620459,0.053553543881700416,0.3255844189638604,-0.272479379276756,0.17252472477506575,-1.622641555555814,-2.1502319462063104,-0.6399439349901015,0.9262506637313248,-0.38258358628419625,1.0845947638632611,-2.781604086193063,-0.10049451472739004,-0.3125462909819369,-0.6560720232883502,-0.6751742117244213,-0.2537689323405758,-0.1932057038215641,0.1893918892959878,-0.14967867641660854,0.725104616330171,-0.8825420667748,1.3299807601317097,1.0800461921458016,1.1689994066481486,0.2875583712720053,1.2416446786700948,-0.8561431446037419,0.41519090643857043,1.718029863024725,0.08324718895673595,-0.5252955862984285,1.5703345174083685,0.7522532857619675,1.0468851270870225,1.0778928112298178,-1.1059520920293486,-0.6682753065909772,-1.040341234764826,-0.6079346967745664,1.511887325598816,-0.47396203821927085,-2.363131184706728,-0.22757166916970764,0.7523924369635157,0.31091277597413897,-1.1122276745090525,-0.4832430060835454,0.7854242227337616,1.0511945629037156,-0.2327243601342757,0.025992946820047973,-1.447448500147988,0.748856170621547,-0.7047337828858923,0.5442283306640681
0.7724470071361582,-0.574805003964394,0.0525903546392668,-0.1397280642002162,1.1728168310723908,-0.1389017033959188,0.2772857057690235,1.2235115562848442,0.7090802573262174,-1.6237119800737299,1.371239127398793,0.5619694045160734,0.5272814891441849,-0.8783539764037016,-1.8661463710432504,-0.037699879771934744,0.5595976774542669,-0.4267257045703364,-0.13341393278790847,0.3594223255115061,-0.544288156251163,-0.9761349886663,1.2701411693141942,-0.8255785323616816,1.644737023093287,1.7167290457961626,0.2749248431224081,-0.3571760839071856,0.26904858746000326,-0.8730854099381742,0.148702765960013,-0.42149735488277745,0.9398138486222101,-0.7369048509086824,-0.7418429651746629,1.1514743421279476,-0.11668741902681004,-2.3625163463585848,-1.3955232213394175,1.2484588113100865,-0.5443173923474423,-1.0843908749068,0.1872389351018011,0.6495387892068397,-0.20364462469589742,-0.3637357853662001,0.8244492060243029,-1.1015158103170342,-0.8847988442051946,1.5864077252276803,-0.29357092352821884,-0.3426495331874752,-0.5605996587556569,0.5697615480506436,-1.2849535116949136,-0.6099968951283511,-1.245243206579116,-0.11964121485078381,-1.6395678674613836,0.9892009827963014,0.30851112299144345,0.2800826643080223,-0.26722416600070087,-1.284304390434509,1.23319519964771,1.611540142671987,-0.4396121675216776,0.188763553540064,0.9150877544773217,-1.145579562791455,0.38351553903612845,1.2134054369824374,0.31160297316928715,-0.17601459625002608,1.624493525648788,-1.0200029229767125,0.3338975801840061,0.3523117852306904,0.21323632559174274,-0.055389253281696776,0.018247041984065526,-0.4389995592422926,-0.8685866451284676,1.6312888613315666,0.19647573860879486,-1.0332208189384025,-0.7817259640737997,0.8043098766638825,-0.1448028833249728,-0.4237046646744612,2.2426726611122305,1.1157304817826004,-0.5603415727739668,-0.5173120294574568,-0.8772207736074644,0.5663912588970094,0.11877765125248552,1.1814879483882785,-0.4220904032880066,-0.9655105907405478,0.16325773763448292
-1.0919983576687524,0.9987004328590788,0.2981734982491877,-0.37191695856724555,-0.9731387174985536,-1.4589440459259895,-0.8164538239936535,0.7628808206169538,0.6954025170088198,0.12705560123275378,-0.4552885010340973,0.7261864316985983,0.437346987516621,0.8191799268939323,0.5491199811922567,-1.5141239896389875,-0.43034586002402736,0.48281788631531786,-1.7058941676962178,-1.2936865407446354,-1.1925723017139838,0.777893180420074,-0.6173282235947667,-0.7551265855071802,-1.137566007526367,0.8753330750251431,0.6335549554492652,-2.607267888493673,0.19201486768091314,-0.7352196986637343,-0.090098049099326,-3.082791712947104,-1.245256339792183,-1.69637166807461,-0.5488570414095039,1.8017467422186106,0.49759909458002305,-0.3328394601694881,-0.134289737069676,-0.3262930988605763,1.3787817401929565,-0.8320426780343764,-0.5912321059554726,-0.19418640634442258,0.04535982101796751,0.11517779003767718,-1.3108200002974746,0.8938999124795685,-0.7947977601183002,0.04662065391055053,-0.7011050632318858,-1.119639729536779,-0.7546158461749919,1.3036114693670617,0.8625275454352215,-0.648365577282814,1.1666630662450406,0.800104639513805,0.12820050996441132,0.5094408765817601,1.3982126697303117,1.5223233326669254,1.8778727127729935,3.191515928670712,1.2861115573193542,1.8556696650176543,-0.9598394280240027,0.6237611469821881,0.6274611069857041,1.0803285682348756,-0.9661394021676627,1.3488450245132968,-1.234064343456694,-0.5290602203749024,-2.155517017607072,1.3798139623253023,0.1471190405708157,1.168957967009665,-1.6704594766237635,-0.5545632548414189,1.4369257347831323,-0.05676578905005121,0.47832151789136357,1.3366355894380986,-0.8087095763802679,-0.7408430623834845,-0.4210571495810223,0.5307562505849867,1.087803296691454,1.4947359707395853,-0.00023066118103630176,-0.8413662223560677,-1.6813077132575867,0.33886953039997314,-0.5434729093543905,-0.09282036370877415,1.9514914268417347,0.1707186758429924,0.3281100474613161,1.1606600180783984,0.7349723531861526
1.6349309497175113,-0.6408602054601702,-1.0403587584559668,1.0813035018461579,0.7407221495775233,-0.7151279176364871,-1.2089221573412552,-1.6571534907692904,0.006753073692578248,1.9858685214141623,0.4810224634413316,-0.3315524550943207,0.5872812692910043,-0.27084629106090025,-0.8205350751839924,-0.49300852365481834,-0.10572920446811664,-1.4343227793006124,-0.17925382691581274,0.9198400185727517,-0.4240402448638533,-1.1657329862611305,0.11983844253628015,0.6315720447841008,0.028698806825056124,-0.02563420260960992,0.48951902259635016,0.9175211862182566,0.4095886532946119,-1.350882309557485,0.21512256688764145,0.8589268540538746,0.9308504609844439,-0.13189332635991638,-0.9071232565289779,-0.7844526029639849,1.2274195365852627,0.058823635238205454,-0.27305874192610663,-0.16298671800709247,-0.5179037206855883,0.7378077226629274,1.8975128621315098,1.2993338230588682,-0.7909775073991824,-0.21290753039860819,1.2353199246615298,-1.2098149702515297,-0.6805460548368068,-1.5818067801209967,0.9662383141264841,1.3467759870567828,-0.7506024977468425,-0.736255978648847,-0.4582910654169716,-0.3665172312932879,0.32950905617644854,-0.2723274035409667,-0.7004569318648156,0.5854143481198586,-1.2194353464022691,0.5046838558326297,0.020826059743069898,2.4679762490494905,0.27347565908001575,-0.9900961818124795,0.18377662387162233,0.7310320422110961,-0.2782488562884774,0.5950708274731998,-1.1192728712489781,-0.20432316903916678,0.43961366994096446,0.8773023127228018,-1.0283342739973098,0.5232823478661014,-0.44084535550518034,-0.009448921428243601,-1.2937831125326018,0.3740385746117675,1.1770784565616772,-1.7518361983686632,-1.1507809189292642,-0.5500135674861754,-1.3243637400768682,0.3451640721438065,-1.700454160527661,-0.2547652695814313,-0.6016782943468215,-0.29484787321710715,1.129345562607119,0.9107119504223177,0.3428287294198425,-0.43888002846377244,-1.432540736153038,-1.2230224061279855,0.17903386855693423,-0.2588628392448694,0.6305173706203174,0.3303309822658436,-1.3287018832504045
0.1846102557665872,0.1538517786753003,-1.3895195002890952,1.5183633483453907,0.6666315788008043,0.28792320513252684,2.3623667781404833,0.3018036406339617,-2.364951825756721,-0.8441849856286814,0.9603315471945794,0.6258763870918495,-2.948493381022326,-0.2698137251180031,-0.305382299532486,0.6596118724673066,0.5171329225192997,-1.6738740948316262,1.0155493624233052,2.0647041887954423,0.1591290898609227,0.8520613901121372,-0.03517280052719467,-1.2534620763751965,0.7989614100882901,-0.7992724506552388,-1.5372925872020065,-1.041311742818499,-0.4966235896150361,0.8279541855680866,1.61359062679405,-0.9867103377164586,0.1482086818729207,-1.2855521637618883,0.8336576930077001,0.20073221992159695,0.2692060905287396,0.5497902022264904,-1.8423658026722416,-0.4042694002924725,-0.6192109798239313,-1.2728019315623054,0.36455077243909273,1.8451753044030528,0.7589290823799091,-0.28256984241013167,-0.8012550851385017,0.40760858061570626,-0.6044804135723689,-2.6935521050328797,-1.1478628719919894,-0.41258974878686033,-0.08537141524033552,2.2748548127161046,1.2349019572781865,0.2781857168371081,-0.1297916279124738,-0.8656172213238662,-1.323449371886804,-0.9816425458820985,1.1991418484479686,-0.20764978990749672,0.020079311275681182,0.21771411285882186,1.0819740471474493,-0.551075848404245,1.6952877363567167,-1.0816498763511933,1.4044102975137271,-0.7098185147613508,0.844146856387528,1.2411795517278883,0.4217698645936135,0.5037042791429587,1.1414060294635207,-0.7260079596802003,-0.4049303995399692,-0.3333726537917763,0.09025343830840686,-1.16248547465848,-0.1303125358094721,0.20681172830972067,0.34088192738602613,0.21865650107101664,-0.873333153444023,-0.693934858278579,1.6863670308567242,0.289089985576298,-0.22481972038989742,-0.1407642271330554,-0.8854847822182514,1.060111940919259,0.8757338028176721,0.21880150800964154,-0.5965753836233453,-0.3407863035871047,-0.25786339599225316,0.2672662637442848,-0.26614026778082217,1.1722122456831237,1.1746364849772348
-0.7013344349574652,0.5626624440070991,-0.07714263349400015,-0.6776239008954206,0.7523565103537825,-1.0774208197805342,-0.6037460860426143,-1.866958459032132,1.2785560047807916,-0.702734930949936,-0.9797463450151227,0.29300334457883315,-0.39562923823455964,0.9408460791067147,0.0016422956472048416,0.9046923592144534,-1.0836509449718423,0.22927075097223676,-0.5382480214816034,1.1600937739134125,-0.8517307259158652,-0.5725248457252962,1.152229284795629,-0.09142876628376583,-0.6710781013366447,0.021804965105819682,0.749940588738916,0.7101858220017073,0.033273741698195185,1.1446408589068788,1.5612584705168617,0.2077692052848778,-1.3185021500688572,0.3427883397389366,0.863043369247315,-0.5187717063543916,-0.5195057394161203,-0.1137813167325712,-0.21571086901564107,-0.22332403760177544,0.07621075575885569,0.06452964617224405,0.14473684636082026,-0.12713926063161318,0.10820755780628744,-0.6041835046850637,-0.18448508647055514,-0.5899068752238745,-1.5438787973438328,0.15248697076265472,-1.7679818728871282,-0.967012904841547,-0.5435686404961918,0.05894583136524238,0.387564246251269,-0.2100150746768129,0.2755631680188912,0.74092728550932,0.14175230687276597,-0.779527519774175,0.08751933479764834,0.5810179402566256,-0.38319417645716214,-1.665312094510508,-0.9308537883164835,0.18034861463781945,1.2842087988798447,0.034670909542644075,1.319600807187727,-1.3286595414647964,0.5588156026360741,-0.29903143945356453,-1.0621894222819883,0.36005868630598736,-0.36668000034593146,-0.7856404605784529,-0.05350936915289047,-0.11959010453046796,-1.1738546815846762,-1.6284964795148478,-0.35278976099796727,-2.1257553583309257,-0.4500326741061788,0.7848916244774251,-1.6710842403280026,0.16399354297980687,-1.7163232794876604,-2.0531924013849974,0.3914600733703811,1.0622612344390194,0.13857964955349467,0.6497489674768773,-0.8196121594276129,0.04720610592040725,-1.0161634225067995,-1.3169308199937184,-1.0088282705689304,0.7819138147118969,2.0225591385714035,-1.3340115759523699,-0.8430738729063697
-0.050348409397560204,-0.054523140600694076,-0.6154247832265739,0.2326299966452117,1.7924085577689495,0.6020079181317805,0.9935918570879012,2.333048591782325,-1.4618524871942198,0.2839507932109285,0.7190581540671548,0.6475546745398759,0.5953905712091323,0.5500325620213596,-0.6539100803557225,-1.5124784892371215,1.940998643273278,-0.5209000253523909,0.06027502710200068,1.5375189978962986,-1.3580636174823917,0.7080241874296503,-2.117503437048842,-0.9944379856290765,0.9053665759857001,-0.18612481433385758,-1.360080038494803,0.8339431795559471,0.18337127793302171,-0.9872646577528109,0.3467100848479109,1.6488975394649303,-0.10526424589914514,1.033862923203018,0.45985699993980056,-0.4916641994855866,0.2490278812168055,-0.7639929695818962,-0.050709015480031205,-0.9504529493694047,0.8532319298475284,1.1154072810448257,-0.12547750770458785,0.697206943075902,-0.2652092926077821,-0.45859963435390577,-0.6721903666245103,0.32647802258965136,-0.38303289335905666,0.24686614209669291,0.15892692581948756,-0.3842498079075269,-0.41291063479095863,-0.8732700642209872,-0.8820648348544822,1.1667200587900757,0.9574682184292124,-0.9329022820306392,-1.4871773744466477,0.9788339992333199,-1.0070354700307786,1.244185936250988,-1.9500344738936102,0.03039226885369931,1.7350052145214094,0.17704071755725195,-0.9147791006707089,-1.2631452734006625,-1.036267734530588,-0.06739376765125715,0.4144149046178917,0.3810717662524995,0.32485062744107074,0.5980907685649658,1.0698398354484935,1.0798291157739506,0.6792220308661572,1.5016811556882361,-1.1072441017268948,-0.8448092410406538,-0.6818367041209602,-0.5625406118053685,2.052877992848569,0.5589786098785824,-0.9193283217892427,-0.008985475574213357,-0.9012070312778481,-0.001587887390627495,0.1326963889087465,-0.49940456467062605,-0.7515195651009576,-0.6236010180969979,-0.45635857568011556,-1.7467247753205577,-1.5131362418886514,-1.806404171989572,-1.6473846601829174,0.07788305925229395,1.0068667833421558,-0.3166132003356102,-1.250839094735385
0.023964535601085798,1.1126031368561058,0.5296600692714164,0.3637572078330159,0.7254500164685056,-0.20002995008467195,0.2503912165972814,0.6100812558835841,-0.9962914919751666,-1.0634989454503065,0.16470745545350057,-0.3743696034616072,0.28913848709115353,0.4721966711048876,-0.619936411458654,-0.37881781711452434,0.1743230843492301,0.8865406474112709,-0.18354219709712144,-0.8712327086201991,1.1135891697158964,-2.0411494768002374,0.021693709949614552,-1.1889572107440183,-0.9087298110522846,1.3862833439896334,0.14332312456038443,-1.6724174110641163,-1.2406702006116006,0.43788809103143206,-0.7253558446643641,0.35911918042777546,-0.6004365637086717,-0.7941166121483209,-1.017578482512261,-1.3725127344978225,0.32748973226818484,2.1626195959127466,-1.783248045609533,-0.39384925107124746,-1.5354409676518608,0.14392397976287863,0.3367999761440993,1.05938071082381,0.36136528819798586,-0.08346729642087139,-0.34775669079698013,-1.1545456842198119,-1.0738438341218597,0.585861490284191,-1.1124208575190637,0.8758801294370034,-0.37189794267770016,-0.6225074265128366,-1.3117849488419766,-0.8496503948078105,-0.4598015333466937,1.8300081927838625,0.6559138391705733,0.44827689949052785,0.4065796759937236,0.1704943837912515,-1.0874488390316912,-0.36427850061249195,1.6636254221432296,-0.4291933462724262,0.5746422383480163,-2.5013785521720715,0.031148207727910434,0.39195445315637306,-0.6579976018164206,0.47296010403220146,-0.5302041568066616,-0.03766132136486769,0.7016033223133469,0.4405264621340597,-0.5446583997893589,0.2685314375127915,-0.3374838762616056,0.4274559560300148,-0.9056116279639999,-0.06807682460721003,0.7133833637866159,0.3678677756076438,1.3745286200508076,-0.7210125673157846,-0.6056521439824516,-1.7325651719882609,0.2778271156975499,0.6443718707317105,-0.3246553049231083,-0.05701352181259528,-0.2794308291606543,0.1942140243756464,1.165629981384085,2.1994971968358388,0.6212531919867296,0.5530555748592338,1.3822610584885324,-1.0717799754775685,0.11867848836655413
-1.3079385796219225,-0.3560642466830425,-0.7273263993765194,0.6329331583912122,0.15634363009215968,1.317253060248919,-0.4802182908415168,-0.22393842609351278,-0.651869358214814,-1.3284558368100055,0.25172216931389074,0.44274743840061936,-1.3559491825122403,-0.48584248520686735,-2.893542601609679,-0.25666190780561476,-1.0405612754826354,1.2036755140074762,0.743208344456366,1.3523745851473643,0.9589027580827041,-0.7937159352324886,0.3156125680569913,3.64307359782123,-0.05358178649644349,-0.05641665043748471,-1.033348989214047,0.03168377624698507,-0.06827391710024444,0.34160571009934215,0.7922630489809752,-0.03774971233598506,-1.3447924547081407,-2.4884694070547764,2.1495753766634653,-0.12771916295819793,0.2783681964134963,1.3462205600775827,0.810689782973718,-1.4897348750660944,0.3647079378919545,-0.11190867776257239,1.9805318758102761,-2.0729575951487695,0.33423022308868927,2.0763934055868707,-0.23874778593206789,0.6954221458171414,0.6349014923480457,-1.0804979280896534,-0.012092223593919363,0.8922006493983874,-0.5119156940270738,0.01925799095942954,0.6954096837972117,1.1740147827698368,-0.2304199426323173,2.0552848576811216,0.45268988705758206,1.130464676099196,-0.8426755309106698,0.3702293102404549,-0.4111227875852523,-1.0817258393602163,-1.4434839125983847,0.32212086486320424,-0.20617321093114085,0.6162802695102887,0.594005585320748,2.4323156579651335,0.12806303051328277,1.5806980536898223,0.7889285779234013,-1.237680085381512,-0.049830185567083726,-2.098207856958697,1.423217556092874,-0.30798726761988365,-1.4194043791220399,0.3574009780335811,-2.1039499890868756,0.07369028776074821,-0.37951708105244075,0.5371792616612144,1.0083059365545073,1.5762725999696838,0.03418515601006471,0.0711521030510755,-0.07999086350826654,-0.7430661008718622,-0.9267272323754702,0.4223672124168078,0.09825027511446723,0.009104535506162888,1.0333493526990545,-0.40415308873310263,1.6958570218745828,0.8778959666591443,0.25358849935157013,-0.564369104854148,0.5898845099373292
-0.3697369537214367,0.5047895623790686,1.4279995525190137,-1.2016406377409021,-0.4992420285588396,0.017650399302134013,-0.3879216338881161,0.42360682094975555,-0.025597267707141956,0.12079775680393663,-0.49566376696551373,-0.8584044820338918,2.2147354532142844,-0.850588313026112,0.45783939931458295,-1.2252423793897604,-0.7967579085896294,-0.4058909943826263,-0.9357376430362435,-1.016819915823765,0.3529563880786683,-1.287865913085839,0.17970878843425134,-1.7509184287384691,-1.2262016747751145,1.6139573280652248,0.22235426450566595,-0.04349794889339572,0.9226120510612986,0.25553378785964864,-1.2897017969326536,-1.2655382444622916,0.4246990476191352,-1.2534477159007067,0.9968734090807836,-2.0040712607664433,1.2186506496419283,-0.4507722510442361,0.3392454894171626,2.8643092727509476,-0.5261554544834919,0.8469389463986755,0.11030169927134269,-0.8704999296481526,-1.0680521641806056,0.41874779459188405,0.14884872001230193,0.8245085780479763,0.6708295591696323,0.4682483782028998,-1.618165891207372,-2.543769854340173,0.10033436000446856,-0.46446325632319724,-0.9864640987387922,-0.4953846512886,-1.236407097238411,-0.49248203611392594,-0.7036030106502623,-0.27153132128132684,-2.517112854963944,-1.899728223076676,0.32593749885929385,1.5152826031087325,-0.257348466838403,0.4427562901175691,-1.2258156071797086,-0.40307136496758356,-0.5662673149970708,-0.9694734392971135,-1.8769069480887846,0.2234032135098148,0.4486317600456328,0.9160859505521064,-1.3883465597449869,-1.5515096098648766,-0.841605189453568,-0.40052846948779797,-0.2446947161568878,0.8573534356869549,-0.21909049544211473,-0.20667476827096487,-0.395418703096599,-0.5523764685798744,-0.0012597232924313046,0.1930863119914653,-0.1734213119963363,0.6190033764239822,-0.7500134240489778,0.3279292876316473,-0.01897833792938572,0.978836594630198,-0.03859464493525185,-1.0049813286636724,0.1974123999905977,0.4173534431422445,-1.1416771235394336,1.1186365637095785,-1.3845295966834592,-0.05199583563521406,-0.4701533320649568
-0.32785857767434384,-1.5241890079348168,-2.369488362239545,-0.22046551763624225,-0.23046237077069123,-1.9241323649914395,0.2888747040766922,-0.6135297357916386,0.9980666231950398,1.3352307720445393,-0.6900110409290551,1.9516973705009508,-1.7098106042240253,1.3978758576549486,-2.916630504154882,1.0434280495778872,0.35257764568829286,-0.3494984955797206,1.8764900076819047,1.160671910590922,-1.9791200556894641,-2.296389845270762,-0.31252918072128094,1.8353662688384333,-1.8465672440828749,1.0082106369259565,0.2245788198909814,-1.449688140442876,0.0076679497325953345,1.1688237812254374,-1.0437001119762126,-0.984004277567549,-0.43055441292238295,-1.0941733353840901,0.8101303980223894,0.17959205292604602,1.6921095820122087,-0.5655331313381851,0.6615189118799734,-0.8969928663354572,-0.4626021661984701,1.6019245996467433,-0.015180124126714805,1.0037956039719977,-0.6811695829754629,-0.020541906997388632,-0.9794504520959824,-0.20676614910396293,1.5552908476836562,-1.962525083514776,-0.5134980224313904,1.4240758596258671,-1.5716473741567063,0.12843515749068068,0.6631419241168403,0.38382229186354405,0.17795531470120313,1.0442679453227235,1.1337833966380857,1.1604073787144438,0.567670107465032,1.2909612294160782,-0.3018383087906515,0.6187046846023226,-0.047960475840827674,-1.6124976370752082,-0.10328969857704291,0.08468024524417633,-0.23303345712250964,-0.7941004430210691,1.677422275998992,-1.8215740730252508,0.5411668520379663,0.24250104948118026,0.7801573731416281,-0.4123445776683787,2.383685227178142,-2.2123714389773323,0.18431530657845432,1.0926888423218648,-1.5856709822288426,0.6174965956783677,0.2150793895817321,-0.4267168954993081,-0.6356476002905935,0.3475802393389642,1.34145553019673,-0.15076126503317488,0.5538425735500672,0.35960729129107377,-0.01871076326373897,-2.0573694112051917,1.1040557931670354,0.6458567221345196,-0.5452898049576699,-0.7517050538796668,-0.13234120928334564,-0.39562015539930007,-0.09962834548078102,-0.9293617880871797,-0.9137423577027724
1.2648641632269315,-0.520785996234555,-0.8930009994547535,1.4550865200408405,-0.24491988079521557,0.2503252736486824,-0.44455475789689153,1.3538100394551236,-1.637886381709895,-1.4049761060071007,0.29221129402810847,1.4918722770475763,1.3300661442102963,0.3004722746502155,1.613685542209852,0.06809768906561443,-0.50681579310572,-0.06259206795239734,-0.8611756441807752,0.12660895893813656,-0.7035594910763116,0.2572831941105266,-0.17375377309184095,0.9576543919852747,-0.747841580921045,0.08301714041347989,-0.3971240268649291,-0.3632364359331908,1.6327516830562276,-0.9677229716825563,0.5214053691279416,-0.3226433891945994,-0.3561992600558548,0.684906735757266,-0.1875037786556367,0.030318613131843575,-0.873380950046447,-0.9343706443867511,0.9801067060330421,0.6128835104785192,1.695562988528059,-0.5041791651328025,0.29132335270459203,0.30135635756842993,0.8009683587695556,0.3055735518572924,-1.0005331473177608,0.17567016666793941,-0.8373879432688132,0.36891286655665034,0.6250599833184077,0.48065450680750993,0.8324316905947801,1.3313829641336723,0.27432656801314415,0.10265368152451743,0.021481753699728674,0.7712948432690522,-0.3189081343054564,0.21581023004975186,0.4898483856355918,0.18986907820063778,-0.4916385781816073,-0.7474177630986942,-1.5991820163206485,0.9175629392725105,0.535726988107782,2.0485043742612237,-0.7457837219499118,-1.0278419492668858,0.372298947435922,0.028401115435214862,-0.4870605793792853,-0.03851057533946097,-0.4420852841542881,-1.562023062943132,0.38649396842841277,-0.5505487600293834,0.04985266238160498,1.02922864742574,-1.181426259353286,-0.5275368399078789,0.5060704630301113,0.4596051120007771,0.07446535394706777,1.8221455711995673,1.9617900711953542,-1.2926716636472544,-0.6545022356466604,-1.1257158523345767,-1.4745942835763692,2.0236037701088523,-0.002041496755382288,0.5313327483577875,1.0690941191734666,-1.0340337867165728,-0.6674970770248991,0.03678498291138934,-0.1115423307116007,0.723545267904116,-0.9393876111339353
1.1542315139650996,0.035138873789781776,0.6718434627476518,1.3290452999795117,-0.48682307384419454,-0.06448846121683557,-1.2671701712526133,-1.261230043172939,1.1148973642922615,-0.5915021662268976,-0.14332731080147762,-0.8818667382057954,0.7404716102930776,-0.7942239321902134,2.0772833747015893,-0.5492567374559374,-0.9794734841161732,-0.4239368416083362,-1.6418811694534985,-0.9010709084004125,-0.6579246001990842,1.247229094731147,-2.8690599569523694,2.095576387728386,0.02190255938260677,-0.910557692499317,1.5863800705983644,-0.11060196281823072,-2.0668748870467324,-1.10515084701328,-0.2625832282971561,-0.12863503436799456,0.5183044810156693,-1.690805249366797,-1.2879649685285213,0.7767529264284345,-1.1552826700508074,-0.11635499108762887,-0.19618356905279902,0.7835655146911049,0.033610024491202,-0.48525829385427915,-1.7449341574488493,-0.7316308644054527,0.014330406705381942,0.26286111442630805,0.6240338887366467,-1.7671630492228139,-1.1486193012922559,-0.03933574952633028,-1.3979807039175134,-0.5113857638943553,0.039808599978087014,-0.6279299853641717,-1.4436498440785672,-1.6806452709557826,0.3940504632322629,1.154831029771574,-0.5494623555853744,-0.4430476543513389,-1.6565088616332229,-0.23098898384419186,-0.5018930165432433,1.0810242914967212,0.332023306057934,-0.4799177537058049,0.06273467370251594,0.23965784057095352,1.4003864678046898,1.3172165864352174,0.06452633689169089,-0.8268385302139896,0.6101208386031882,0.5796390781673322,0.5334044381304077,-1.0609033827194883,0.3651705987635502,-1.7901108366594394,0.7430339585983162,1.5603908229960102,0.3222160398879596,0.5689645337491075,0.6164857606771937,0.9782847979457011,-0.19732629353002462,1.4040315878657517,-0.3372109662860853,-1.5866335194683614,-1.346339155205949,-0.7899361782002541,-0.2894458060943236,1.4823021137811971,0.4342232477082856,0.3644254546429387,0.33298227528624086,-0.3027470620842597,-0.8835908801762006,0.6512841698568983,-0.4791014057802691,0.5671068962387275,0.29924861751333576
-1.8917506235877348,0.0010957632365294165,0.2865892068936853,-0.3299660107705392,-1.3380328724887791,1.0075977296728817,0.4055326063852187,-0.06991438328485822,0.5805728396161991,1.357482872451677,1.2738037342318558,-0.7773832666773625,-0.802965077749772,-0.18372517382035333,0.2380671284359756,0.7285982753501182,1.4929896910140426,0.24787276229490618,0.8868430815282863,-0.11505278926251042,0.19497525741521887,0.11316784306254365,0.16705020252937142,1.123945307178818,1.9023066973917213,-0.30348080413037437,1.6227249480161559,-0.04622550141279273,-0.022551773839518185,-0.962338735934713,-0.5851923473248009,-0.3657129875612244,1.120983451130244,0.4915697366543343,1.1995647748360068,0.631458327651893,0.2788097588394953,-1.664731901758015,1.0655670760746008,-0.1273618937316283,-0.9866751977359942,0.43085280969756923,-0.48098619994276676,0.43472864735724204,0.24371024577555603,0.28599792879045205,-0.7482718999962186,-0.9559414927626957,1.7997548749030574,-1.7138647448172764,-0.5986356135631455,0.893835645052046,-1.3827338467860204,2.245507669944193,0.9414278593551346,0.030708149347893877,-0.11478669588926513,0.08121865751446462,2.4983038990251627,-1.8460212380844658,-0.9038421378383432,-0.18005441230201222,-0.08876945827478329,-1.5430616615050088,-0.6770194727640283,0.9428958989904455,0.83832314221799,-0.07365071967531549,-2.1948856252920717,-1.4091409961975425,-0.9173486564370377,1.9027858231082067,0.10532334294393111,-1.3907734009257875,1.5887580570954065,0.39422814614520413,-2.292357053101579,1.647224299918856,2.5476541520232083,0.44230482553428646,-0.8268879585132225,-0.8616261890414565,1.9418511140496724,1.1314198500524923,1.0411450285977333,-1.1667474720327202,-1.0828122257220925,-1.1350011726448264,0.941399900658663,0.3230295540157762,2.139283311659707,0.30756253416823753,1.1594219179956093,1.7342927644564847,-0.4286306693012341,-0.006095389651389488,0.32341918305454387,-0.4335218056015148,-0.1232770355806909,-1.230119673715037,-2.2386977821847203
-0.31080532641639635,-1.0545704550061608,-0.07711409989075561,-0.7389287688002015,-0.5354881561747086,0.9917865266586281,0.38435313182559244,0.011771928293092822,-0.8070273429582242,-1.285413113497763,-1.7243024291123379,-1.2691716891070126,-0.17011034215639587,0.9388214950952549,-0.42392014544062395,-1.9493113101537516,-0.42311058935330664,-0.4128792491696171,-0.5185130284043314,0.27832805105923497,-0.737705996494772,1.3904523942204947,0.06934104403448912,1.1753564924122597,-0.5748407004989711,-0.7841682284359253,0.5097146655393762,-1.6461746679743423,0.8924457381412302,-0.574045258465261,1.151135552730504,-0.8262601443735522,-0.6780877479721357,0.2074467264536663,-0.7262129543868728,-0.5027817114051126,-0.022719792859067365,-1.4997114530042066,-0.33784658702911563,-2.161095513067228,0.5020648970341655,1.7826745623138907,0.3341229764988221,1.224893826578655,0.9794233525315245,-2.7256306403211337,0.6088563245623018,-1.436182350377537,-0.9606557770119762,1.901421661585003,1.2252964985824293,1.0987631720798905,-0.36128880432757293,-0.3301669667931301,1.3946770891223441,-1.174848151881438,-0.36291107197551226,0.15778363712576016,0.9812271425911118,-0.545608789429227,-0.6174177665154955,-0.25651001951882396,-1.0936555247498703,-0.5358505727527508,-0.5777978818678885,0.13599534486966228,-1.4161495753137623,-0.2008461112196937,-0.21601094758976414,0.9091126869492369,-0.01094031712894606,-0.5748368014980797,0.40098701410759,-0.4921018560440578,-0.5700770911486491,0.05200640986442709,-0.11210418568489845,-1.2124358240560529,0.32221008715305416,0.1897051588094233,0.8518910518817235,0.9632622029247318,-0.3010597059630039,0.5469069491245101,1.4423739254960892,-1.040313320080654,-0.8344870619237064,-1.7704426870771905,-1.2392860740953033,0.011466589422591277,-0.6287611513333444,-0.5618504689784232,-1.5009334577012257,-1.5046885006633524,2.0924434939252596,0.6384188194812521,2.0089889040387647,-0.6335754048483918,1.277533607364826,-1.2668183604501713,-0.3802658852179954
-1.471086686721699,-0.2112635109917696,-0.07637713433225575,-1.0895363095258692,0.8346006891592501,1.555876750215355,-0.265787030732285,-0.12741666293136447,-0.29410235699709325,0.7717413458389433,2.1589618851987433,-0.16723634260209969,0.21846855202011767,0.04442384339427704,1.5582877176071759,-1.8181171071288118,-0.45133208528236624,0.613575887192877,-0.7248673363103051,-0.7234750676101649,-1.095979901831223,0.1971965893161739,1.3984128626420984,0.1751079478588166,1.3633150614470575,1.64937707859507,0.2100679748989335,-0.3529032891059043,-0.8930833297683267,0.10322339545892367,-1.5145227723794608,0.20154747570202622,0.1995068248434087,0.6812468059723041,1.4998008228193533,0.7349749596902925,-0.09138839815751781,-0.013677136375539495,-0.8593759542925031,-0.34841772791143555,0.7909047576203178,-0.7384325222126462,1.0150199438467022,0.33740745330852207,1.4491656664870325,-1.071992820071305,1.1919253396257998,-0.49998146848475095,-0.4672668327343963,2.9383339162383164,-2.462076034034568,0.15360948727481774,-0.8081593542110577,-0.5207489672389709,1.643303583857957,2.009284731843338,-0.00018363137218980815,-1.7247496946826137,-0.5775581312153099,-0.249494896027709,0.056919337129950655,0.4912495188476787,-0.41344549919385426,0.004499199817034426,1.416258357510642,1.935546297062447,-1.6480640817687697,-0.5908266362955855,-0.5838965849894778,0.7017319108922088,-1.9228672669024118,-0.7677847503996548,-0.9705021363911998,0.5054737605085501,1.6268561068991205,-1.3240465787823108,-1.9290926300024773,-0.8917123123575719,-0.5726268829545385,0.4337152144790794,-1.2402521300202183,-0.20993435673262875,-3.8752450454925658,-0.041546505038596034,0.8754248518799038,0.3547803517538096,-0.1854573608119288,0.44697135769387414,-0.979884702318584,0.19236551673471355,0.3731924199244177,1.4573183775522014,0.37492709551217834,1.3072865028029301,0.7204118543859093,0.19578660884211346,-0.9241188448537397,0.5636697294339241,0.5040595627396737,-2.0053741587352008,-1.0401787951338712
