0.0,-0.024684468284249306
0.00045351473922902497,-0.06042899191379547
0.0009070294784580499,-0.07008005678653717
0.0013605442176870747,-0.08421209454536438
0.0018140589569160999,-0.08511082828044891
0.0022675736961451248,-0.07848527282476425
0.0027210884353741495,-0.05943469703197479
0.0031746031746031746,-0.03747866675257683
0.0036281179138321997,-0.018771115690469742
0.004081632653061225,-0.010868973098695278
0.0045351473922902496,-0.016086526215076447
0.004988662131519274,-0.03180798143148422
0.005442176870748299,-0.0508565790951252
0.0058956916099773245,-0.0623905323445797
0.006349206349206349,-0.0600249208509922
0.006802721088435374,-0.041530340909957886
0.0072562358276643995,-0.01135513000190258
0.007709750566893424,0.020566709339618683
0.00816326530612245,0.04139154031872749
0.008616780045351474,0.045732878148555756
0.009070294784580499,0.03031333163380623
0.009523809523809525,0.000978629570454359
0.009977324263038548,-0.03349566087126732
0.010430839002267574,-0.06045594811439514
0.010884353741496598,-0.07026002556085587
0.011337868480725623,-0.057435113936662674
0.011791383219954649,-0.02583434246480465
0.012244897959183673,0.013586553744971752
0.012698412698412698,0.04700207710266113
0.013151927437641724,0.0647946149110794
0.013605442176870748,0.0625375285744667
0.014058956916099773,0.043294236063957214
0.014512471655328799,0.016402283683419228
0.014965986394557823,-0.00868307612836361
0.015419501133786848,-0.022200439125299454
0.015873015873015872,-0.019014179706573486
0.0163265306122449,-0.000997860450297594
0.016780045351473923,0.0244582612067461
0.017233560090702947,0.047400809824466705
0.017687074829931974,0.05967891588807106
0.018140589569160998,0.0580279603600502
0.018594104308390022,0.04462957754731178
0.01904761904761905,0.02568778395652771
0.019501133786848073,0.008433650247752666
0.019954648526077097,0.0006667522829957306
0.02040816326530612,0.00379370991140604
0.020861678004535148,0.015396383590996265
0.021315192743764172,0.03087756037712097
0.021768707482993196,0.044830113649368286
0.022222222222222223,0.052820902317762375
0.022675736961451247,0.05311933532357216
0.02312925170068027,0.047233179211616516
0.023582766439909298,0.03875600919127464
0.024036281179138322,0.03383124619722366
0.024489795918367346,0.03618435561656952
0.024943310657596373,0.04468270391225815
0.025396825396825397,0.05306793749332428
0.02585034013605442,0.0578421950340271
0.026303854875283448,0.057674311101436615
0.026757369614512472,0.049020376056432724
0.027210884353741496,0.03422344848513603
0.027664399092970523,0.020509276539087296
0.028117913832199547,0.012781359255313873
0.02857142857142857,0.013500703498721123
0.029024943310657598,0.023185133934020996
0.02947845804988662,0.04001108929514885
0.029931972789115645,0.05735884606838226
0.030385487528344673,0.06794419139623642
0.030839002267573697,0.06772567331790924
0.031292517006802724,0.05785612016916275
0.031746031746031744,0.042570341378450394
0.03219954648526077,0.027355600148439407
0.0326530612244898,0.017501646652817726
0.03310657596371882,0.01678466610610485
0.033560090702947847,0.02479371801018715
0.034013605442176874,0.03540591150522232
0.034467120181405894,0.04417155310511589
0.03492063492063492,0.04761357232928276
0.03537414965986395,0.04265168309211731
0.03582766439909297,0.029369229450821877
0.036281179138321996,0.012974315322935581
0.036734693877551024,-0.0005317047471180558
0.037188208616780044,-0.0070977527648210526
0.03764172335600907,-0.004956603050231934
0.0380952380952381,0.004462278913706541
0.03854875283446712,0.016493555158376694
0.039002267573696146,0.025616860017180443
0.03945578231292517,0.027368266135454178
0.039909297052154194,0.020313121378421783
0.04036281179138322,0.006744732614606619
0.04081632653061224,-0.009938105009496212
0.04126984126984127,-0.02323918603360653
0.041723356009070296,-0.028521576896309853
0.04217687074829932,-0.025199346244335175
0.042630385487528344,-0.014624020084738731
0.04308390022675737,-0.000571981247048825
0.04353741496598639,0.009868930093944073
0.04399092970521542,0.012043973430991173
0.044444444444444446,0.004699494689702988
0.044897959183673466,-0.012543116696178913
0.045351473922902494,-0.03523457422852516
0.04580498866213152,-0.05665375292301178
0.04625850340136054,-0.07268556952476501
0.04671201814058957,-0.0789647325873375
0.047165532879818596,-0.07469288259744644
0.047619047619047616,-0.06379126757383347
0.048072562358276644,-0.04934060946106911
0.04852607709750567,-0.03628777340054512
0.04897959183673469,-0.025840619578957558
0.04943310657596372,-0.019870702177286148
0.049886621315192746,-0.018883295357227325
0.050340136054421766,-0.02118823304772377
0.050793650793650794,-0.02649580128490925
0.05124716553287982,-0.03197770193219185
0.05170068027210884,-0.03586309403181076
0.05215419501133787,-0.038945522159338
0.052607709750566896,-0.04338952153921127
0.053061224489795916,-0.046110283583402634
0.053514739229024944,-0.045839108526706696
0.05396825396825397,-0.04216977208852768
0.05442176870748299,-0.03375891596078873
0.05487528344671202,-0.02056913822889328
0.055328798185941046,-0.0066878898069262505
0.055782312925170066,0.0023223108146339655
0.05623582766439909,0.0040258439257740974
0.05668934240362812,-0.005728359334170818
0.05714285714285714,-0.022169888019561768
0.05759637188208617,-0.038760848343372345
0.058049886621315196,-0.05166365206241608
0.058503401360544216,-0.05508954077959061
0.05895691609977324,-0.047592632472515106
0.05941043083900227,-0.030337324365973473
0.05986394557823129,-0.006801035720854998
0.06031746031746032,0.01618802174925804
0.060770975056689346,0.031445834785699844
0.061224489795918366,0.03407226875424385
0.06167800453514739,0.02517528086900711
0.06213151927437642,0.008545992895960808
0.06258503401360545,-0.011185873299837112
0.06303854875283446,-0.027710597962141037
0.06349206349206349,-0.03673061355948448
0.06394557823129252,-0.03477752208709717
0.06439909297052154,-0.02336818538606167
0.06485260770975057,-0.005443693604320288
0.0653061224489796,0.01565445587038994
0.06575963718820861,0.03502405434846878
0.06621315192743764,0.05008649453520775
0.06666666666666667,0.057772278785705566
0.06712018140589569,0.05774252861738205
0.06757369614512472,0.052237458527088165
0.06802721088435375,0.04404455050826073
0.06848072562358276,0.03461411967873573
0.06893424036281179,0.026222383603453636
0.06938775510204082,0.0206155925989151
0.06984126984126984,0.01724052056670189
0.07029478458049887,0.017409633845090866
0.0707482993197279,0.022146379575133324
0.07120181405895691,0.029724936932325363
0.07165532879818594,0.03917655348777771
0.07210884353741497,0.04843746870756149
0.07256235827664399,0.05421198904514313
0.07301587301587302,0.054765958338975906
0.07346938775510205,0.04954364150762558
0.07392290249433106,0.04058321937918663
0.07437641723356009,0.029811818152666092
0.07482993197278912,0.0217617005109787
0.07528344671201814,0.019671833142638206
0.07573696145124717,0.02393488399684429
0.0761904761904762,0.03346851468086243
0.07664399092970521,0.04375636205077171
0.07709750566893424,0.04893183335661888
0.07755102040816327,0.044495709240436554
0.07800453514739229,0.031750671565532684
0.07845804988662132,0.015118936076760292
0.07891156462585033,-0.00033151410752907395
0.07936507936507936,-0.010055319406092167
0.07981859410430839,-0.013092048466205597
0.08027210884353742,-0.009025157429277897
0.08072562358276644,-2.317867438250687e-05
0.08117913832199547,0.009538398124277592
0.08163265306122448,0.015064384788274765
0.08208616780045351,0.013974407687783241
0.08253968253968254,0.007368811406195164
0.08299319727891157,-0.0036717208568006754
0.08344671201814059,-0.014121830463409424
0.08390022675736962,-0.018824055790901184
0.08435374149659863,-0.01702188327908516
0.08480725623582766,-0.010512246750295162
0.08526077097505669,-0.0011226802598685026
0.08571428571428572,0.007460242602974176
0.08616780045351474,0.010883084498345852
0.08662131519274377,0.008329080417752266
0.08707482993197278,-0.0007223674328997731
0.08752834467120181,-0.015454147011041641
0.08798185941043084,-0.029950739815831184
0.08843537414965986,-0.04116206616163254
0.08888888888888889,-0.04502590000629425
0.08934240362811792,-0.03947624936699867
0.08979591836734693,-0.028410740196704865
0.09024943310657596,-0.013707184232771397
0.09070294784580499,-0.0011106833117082715
0.09115646258503401,0.004759874660521746
0.09160997732426304,0.0018348874291405082
0.09206349206349207,-0.00940434169024229
0.09251700680272108,-0.026069993153214455
0.09297052154195011,-0.04295257106423378
0.09342403628117914,-0.056604739278554916
0.09387755102040816,-0.06375891715288162
0.09433106575963719,-0.06258007884025574
0.09478458049886622,-0.05514097586274147
0.09523809523809523,-0.04478943720459938
0.09569160997732426,-0.03503873571753502
0.09614512471655329,-0.027290333062410355
0.09659863945578231,-0.02281554788351059
0.09705215419501134,-0.020259207114577293
0.09750566893424037,-0.01790442131459713
0.09795918367346938,-0.015627063810825348
0.09841269841269841,-0.013400662690401077
0.09886621315192744,-0.011583290062844753
0.09931972789115646,-0.012552750296890736
0.09977324263038549,-0.01571190543472767
0.10022675736961452,-0.020777078345417976
0.10068027210884353,-0.025714430958032608
0.10113378684807256,-0.026902588084340096
0.10158730158730159,-0.02256164327263832
0.10204081632653061,-0.012365139089524746
0.10249433106575964,0.0011579371057450771
0.10294784580498866,0.01321855653077364
0.10340136054421768,0.020770279690623283
0.10385487528344671,0.020047977566719055
0.10430839002267574,0.00986378826200962
0.10476190476190476,-0.0035769410897046328
0.10521541950113379,-0.015069695189595222
0.1056689342403628,-0.020540937781333923
0.10612244897959183,-0.01736730895936489
0.10657596371882086,-0.004317427985370159
0.10702947845804989,0.014812230132520199
0.10748299319727891,0.032587505877017975
0.10793650793650794,0.04354572668671608
0.10839002267573696,0.044267892837524414
0.10884353741496598,0.03440290689468384
0.10929705215419501,0.01928780972957611
0.10975056689342404,0.005178398918360472
0.11020408163265306,-0.0023862887173891068
0.11065759637188209,-0.0015778912929818034
0.1111111111111111,0.007261086720973253
0.11156462585034013,0.02040790021419525
0.11201814058956916,0.033180542290210724
0.11247165532879819,0.04509151726961136
0.11292517006802721,0.05280493572354317
0.11337868480725624,0.05519711971282959
0.11383219954648525,0.053137488663196564
0.11428571428571428,0.048395298421382904
0.11473922902494331,0.04416808858513832
0.11519274376417234,0.04189639538526535
0.11564625850340136,0.039847347885370255
0.11609977324263039,0.038173068314790726
0.1165532879818594,0.03563488647341728
0.11700680272108843,0.03253738209605217
0.11746031746031746,0.03047661855816841
0.11791383219954649,0.02836405485868454
0.11836734693877551,0.0286231879144907
0.11882086167800454,0.03188297152519226
0.11927437641723355,0.03631431609392166
0.11972789115646258,0.04152803495526314
0.12018140589569161,0.045318253338336945
0.12063492063492064,0.04431105777621269
0.12108843537414966,0.0393296480178833
0.12154195011337869,0.029955634847283363
0.1219954648526077,0.019483590498566628
0.12244897959183673,0.010628816671669483
0.12290249433106576,0.005145831033587456
0.12335600907029479,0.00565841281786561
0.12380952380952381,0.011017804965376854
0.12426303854875284,0.020380128175020218
0.12471655328798185,0.030055388808250427
0.1251700680272109,0.03733456879854202
0.12562358276643992,0.03980154171586037
0.12607709750566892,0.03402595967054367
0.12653061224489795,0.02116462029516697
0.12698412698412698,0.0069419206120073795
0.127437641723356,-0.005847068969160318
0.12789115646258503,-0.0137257669121027
0.12834467120181406,-0.013748354278504848
0.1287981859410431,-0.0072606392204761505
0.1292517006802721,0.002152165398001671
0.12970521541950114,0.011220565997064114
0.13015873015873017,0.017826177179813385
0.1306122448979592,0.018993843346834183
0.1310657596371882,0.01483907550573349
0.13151927437641722,0.006708650849759579
0.13197278911564625,-0.0019197415094822645
0.13242630385487528,-0.008905848488211632
0.1328798185941043,-0.0142144113779068
0.13333333333333333,-0.016028795391321182
0.13378684807256236,-0.014570686966180801
0.13424036281179139,-0.011459186673164368
0.1346938775510204,-0.00776214525103569
0.13514739229024944,-0.005361445713788271
0.13560090702947847,-0.004961397964507341
0.1360544217687075,-0.005528882145881653
0.1365079365079365,-0.006870734971016645
0.13696145124716552,-0.010306858457624912
0.13741496598639455,-0.015833240002393723
0.13786848072562358,-0.022627849131822586
0.1383219954648526,-0.030901726335287094
0.13877551020408163,-0.0380735918879509
0.13922902494331066,-0.042582686990499496
0.13968253968253969,-0.04406444728374481
0.1401360544217687,-0.041462406516075134
0.14058956916099774,-0.03561604395508766
0.14104308390022677,-0.027006519958376884
0.1414965986394558,-0.018649540841579437
0.1419501133786848,-0.013827519491314888
0.14240362811791382,-0.011989411897957325
0.14285714285714285,-0.014932530000805855
0.14331065759637188,-0.023274129256606102
0.1437641723356009,-0.03225283324718475
0.14421768707482993,-0.038159433752298355
0.14467120181405896,-0.03907572850584984
0.14512471655328799,-0.03516425937414169
0.145578231292517,-0.02763674035668373
0.14603174603174604,-0.018517697229981422
0.14648526077097507,-0.010885347612202168
0.1469387755102041,-0.006314083933830261
0.1473922902494331,-0.006449813023209572
0.14784580498866212,-0.010849704965949059
0.14829931972789115,-0.016231350600719452
0.14875283446712018,-0.0212327241897583
0.1492063492063492,-0.023569641634821892
0.14965986394557823,-0.02164383977651596
0.15011337868480726,-0.01793782040476799
0.15056689342403629,-0.01350944023579359
0.1510204081632653,-0.008641188964247704
0.15147392290249434,-0.005182584282010794
0.15192743764172337,-0.0029885279946029186
0.1523809523809524,-0.0018801153637468815
0.1528344671201814,-0.002011503791436553
0.15328798185941042,-0.0039997221902012825
0.15374149659863945,-0.006885417737066746
0.15419501133786848,-0.0074448795057833195
0.1546485260770975,-0.006952720228582621
0.15510204081632653,-0.00471355440095067
0.15555555555555556,-0.001390123157761991
0.15600907029478459,0.002598067279905081
0.1564625850340136,0.007058892399072647
0.15691609977324264,0.010308651253581047
0.15736961451247167,0.012394542805850506
0.15782312925170067,0.012235276401042938
0.1582766439909297,0.012619111686944962
0.15873015873015872,0.01359793171286583
0.15918367346938775,0.014396199025213718
0.15963718820861678,0.016640465706586838
0.1600907029478458,0.01957736536860466
0.16054421768707483,0.02226036787033081
0.16099773242630386,0.02396484836935997
0.16145124716553289,0.024831075221300125
0.1619047619047619,0.024887392297387123
0.16235827664399094,0.024289671331644058
0.16281179138321997,0.024234872311353683
0.16326530612244897,0.024219604209065437
0.163718820861678,0.02354196459054947
0.16417233560090702,0.02323123998939991
0.16462585034013605,0.0244457945227623
0.16507936507936508,0.026337677612900734
0.1655328798185941,0.028065737336874008
0.16598639455782313,0.03074435517191887
0.16643990929705216,0.033509511500597
0.16689342403628118,0.03570668399333954
0.1673469387755102,0.0366179421544075
0.16780045351473924,0.03576887026429176
0.16825396825396827,0.03330517187714577
0.16870748299319727,0.03000587224960327
0.1691609977324263,0.02677770145237446
0.16961451247165532,0.023531533777713776
0.17006802721088435,0.021987391635775566
0.17052154195011338,0.02071971446275711
0.1709750566893424,0.01974913850426674
0.17142857142857143,0.020164787769317627
0.17188208616780046,0.021510934457182884
0.17233560090702948,0.02293437346816063
0.1727891156462585,0.02250269614160061
0.17324263038548754,0.019800305366516113
0.17369614512471657,0.016297096386551857
0.17414965986394557,0.013931394554674625
0.1746031746031746,0.011798672378063202
0.17505668934240362,0.010076477192342281
0.17551020408163265,0.010111629962921143
0.17596371882086168,0.011513741686940193
0.1764172335600907,0.013097588904201984
0.17687074829931973,0.014393466524779797
0.17732426303854876,0.014317197725176811
0.17777777777777778,0.012113235890865326
0.1782312925170068,0.008487205021083355
0.17868480725623584,0.003394371597096324
0.17913832199546487,-0.002491855062544346
0.17959183673469387,-0.006686580367386341
0.1800453514739229,-0.00802666787058115
0.18049886621315192,-0.00840673130005598
0.18095238095238095,-0.008726810105144978
0.18140589569160998,-0.008784615434706211
0.181859410430839,-0.010297749191522598
0.18231292517006803,-0.013467162847518921
0.18276643990929706,-0.015289435163140297
0.18321995464852608,-0.016937976703047752
0.1836734693877551,-0.018648143857717514
0.18412698412698414,-0.019620267674326897
0.18458049886621314,-0.02122100070118904
0.18503401360544217,-0.02271544374525547
0.1854875283446712,-0.023150304332375526
0.18594104308390022,-0.02203175611793995
0.18639455782312925,-0.02105431631207466
0.18684807256235827,-0.020501231774687767
0.1873015873015873,-0.019240738824009895
0.18775510204081633,-0.017173077911138535
0.18820861678004536,-0.015597887337207794
0.18866213151927438,-0.0145705696195364
0.1891156462585034,-0.013247126713395119
0.18956916099773244,-0.013302735053002834
0.19002267573696144,-0.01395030040293932
0.19047619047619047,-0.013636820018291473
0.1909297052154195,-0.014273107051849365
0.19138321995464852,-0.015722516924142838
0.19183673469387755,-0.016531040892004967
0.19229024943310657,-0.016146067529916763
0.1927437641723356,-0.015400362201035023
0.19319727891156463,-0.015876341611146927
0.19365079365079366,-0.01581900380551815
0.19410430839002268,-0.015163415111601353
0.1945578231292517,-0.016072316095232964
0.19501133786848074,-0.01884925365447998
0.19546485260770974,-0.022005265578627586
0.19591836734693877,-0.025340164080262184
0.1963718820861678,-0.0283943023532629
0.19682539682539682,-0.029836077243089676
0.19727891156462585,-0.030607519671320915
0.19773242630385487,-0.03118087351322174
0.1981859410430839,-0.029920309782028198
0.19863945578231293,-0.02677028439939022
0.19909297052154196,-0.023040734231472015
0.19954648526077098,-0.020050952211022377
0.2,-0.019068652763962746
0.20045351473922904,-0.017935816198587418
0.20090702947845804,-0.01618841290473938
0.20136054421768707,-0.013880855403840542
0.2018140589569161,-0.011533564887940884
0.20226757369614512,-0.008397568017244339
0.20272108843537415,-0.003550170687958598
0.20317460317460317,0.001008922583423555
0.2036281179138322,0.003274048212915659
0.20408163265306123,0.0030687893740832806
0.20453514739229026,0.002864125184714794
0.20498866213151928,0.0019220252288505435
0.2054421768707483,0.0008894617785699666
0.2058956916099773,0.0010749927023425698
0.20634920634920634,0.001404495327733457
0.20680272108843537,0.0014513455098494887
0.2072562358276644,0.0018690639408305287
0.20770975056689342,0.0017170477658510208
0.20816326530612245,0.0005028869491070509
0.20861678004535147,-0.001143756089732051
0.2090702947845805,-0.002005981048569083
0.20952380952380953,-0.001862571109086275
0.20997732426303856,-0.0010911986464634538
0.21043083900226758,0.0005749163683503866
0.2108843537414966,0.0005600319127552211
0.2113378684807256,-5.506336947291857e-06
0.21179138321995464,0.0006743735284544528
0.21224489795918366,0.0002047382586169988
0.2126984126984127,0.0002795695618260652
0.21315192743764172,0.0006928104558028281
0.21360544217687075,3.198495687684044e-05
0.21405895691609977,-0.0009107652585953474
0.2145124716553288,-0.0021564257331192493
0.21496598639455783,-0.001061521004885435
0.21541950113378686,0.00021088052017148584
0.21587301587301588,0.0017850379226729274
0.2163265306122449,0.003036793088540435
0.2167800453514739,0.003972329664975405
0.21723356009070294,0.004350587259978056
0.21768707482993196,0.002302345121279359
0.218140589569161,0.0007187812007032335
0.21859410430839002,-0.0008686575456522405
0.21904761904761905,-0.0017915248172357678
0.21950113378684807,-0.00268820789642632
0.2199546485260771,-0.002577009378001094
0.22040816326530613,-0.0011001687962561846
0.22086167800453516,-0.0008294067811220884
0.22131519274376418,-0.0013319568242877722
0.2217687074829932,-0.0008033007034100592
0.2222222222222222,0.0012365446891635656
0.22267573696145124,0.0037545785307884216
0.22312925170068026,0.004725071135908365
0.2235827664399093,0.005197172053158283
0.22403628117913832,0.004169621504843235
0.22448979591836735,0.0019691509660333395
0.22494331065759637,0.0011549292830750346
0.2253968253968254,0.0006773911882191896
0.22585034013605443,0.0008320172200910747
0.22630385487528346,0.00018928447389043868
0.22675736961451248,0.0008687411900609732
0.2272108843537415,0.0016798216383904219
0.2276643990929705,0.000300009036436677
0.22811791383219954,-0.0017659950535744429
0.22857142857142856,-0.0037476953584700823
0.2290249433106576,-0.005600620061159134
0.22947845804988662,-0.006853748112916946
0.22993197278911565,-0.005243251100182533
0.23038548752834467,-0.004305304028093815
0.2308390022675737,-0.0059125907719135284
0.23129251700680273,-0.00864267349243164
0.23174603174603176,-0.01156251598149538
0.23219954648526078,-0.013218393549323082
0.23265306122448978,-0.014510969631373882
0.2331065759637188,-0.014298321679234505
0.23356009070294784,-0.014156229794025421
0.23401360544217686,-0.01519038062542677
0.2344671201814059,-0.014658021740615368
0.23492063492063492,-0.01322498545050621
0.23537414965986395,-0.011358517222106457
0.23582766439909297,-0.009611738845705986
0.236281179138322,-0.007173521444201469
0.23673469387755103,-0.0038408502005040646
0.23718820861678006,-0.0014025717973709106
0.23764172335600908,0.00024253599985968322
0.23809523809523808,0.0003364441217854619
0.2385487528344671,0.0007048858096823096
0.23900226757369614,0.0025427709333598614
0.23945578231292516,0.004330211319029331
0.2399092970521542,0.0059898667968809605
0.24036281179138322,0.007246481254696846
0.24081632653061225,0.008855332620441914
0.24126984126984127,0.008979357779026031
0.2417233560090703,0.006428051739931107
0.24217687074829933,0.0050336457788944244
0.24263038548752835,0.004087198060005903
0.24308390022675738,0.0018112852703779936
0.24353741496598638,0.0002347568515688181
0.2439909297052154,-0.0002550180070102215
0.24444444444444444,0.0001827535597840324
0.24489795918367346,0.0003181788488291204
0.2453514739229025,0.0007126455311663449
0.24580498866213152,0.0027005779556930065
0.24625850340136055,0.0039643156342208385
0.24671201814058957,0.004747402388602495
0.2471655328798186,0.005513645708560944
0.24761904761904763,0.005774227436631918
0.24807256235827665,0.005721597000956535
0.24852607709750568,0.005143569316715002
0.24897959183673468,0.006208529230207205
0.2494331065759637,0.00848353374749422
0.24988662131519274,0.01004756148904562
0.2503401360544218,0.011587027460336685
0.2507936507936508,0.012389024719595909
0.25124716553287985,0.012750851921737194
0.25170068027210885,0.01251976191997528
0.25215419501133784,0.011049320921301842
0.2526077097505669,0.009797350503504276
0.2530612244897959,0.009153039194643497
0.25351473922902495,0.009830656461417675
0.25396825396825395,0.009589491412043571
0.254421768707483,0.008888411335647106
0.254875283446712,0.009068084880709648
0.25532879818594106,0.00803527981042862
0.25578231292517006,0.006962341256439686
0.2562358276643991,0.00644983584061265
0.2566893424036281,0.00568659882992506
0.2571428571428571,0.004736198112368584
0.2575963718820862,0.005754415411502123
0.25804988662131517,0.007940017618238926
0.2585034013605442,0.009252946823835373
0.2589569160997732,0.009133698418736458
0.2594104308390023,0.008389713242650032
0.2598639455782313,0.008041860535740852
0.26031746031746034,0.007191788870841265
0.26077097505668934,0.006342087872326374
0.2612244897959184,0.00548343313857913
0.2616780045351474,0.0035225749015808105
0.2621315192743764,0.002289361087605357
0.26258503401360545,0.0032124475110322237
0.26303854875283444,0.0037420312874019146
0.2634920634920635,0.003799010068178177
0.2639455782312925,0.00361958728171885
0.26439909297052155,0.0032889661379158497
0.26485260770975055,0.001529485802166164
0.2653061224489796,-0.00013051296991761774
0.2657596371882086,-0.0005208609509281814
0.26621315192743766,-0.0008662967011332512
0.26666666666666666,0.0004143210535403341
0.2671201814058957,0.0013578684302046895
0.2675736961451247,0.001521606114692986
0.2680272108843537,0.0005513712530955672
0.26848072562358277,-0.0005551992799155414
0.26893424036281177,-0.0023675214033573866
0.2693877551020408,-0.004140086937695742
0.2698412698412698,-0.004490443039685488
0.2702947845804989,-0.0056169056333601475
0.2707482993197279,-0.006173313595354557
0.27120181405895694,-0.006280588451772928
0.27165532879818594,-0.006192523054778576
0.272108843537415,-0.0060291294939816
0.272562358276644,-0.006470050197094679
0.273015873015873,-0.0077913557179272175
0.27346938775510204,-0.00960787758231163
0.27392290249433104,-0.010189106687903404
0.2743764172335601,-0.009910760447382927
0.2748299319727891,-0.00861910916864872
0.27528344671201815,-0.006939626298844814
0.27573696145124715,-0.007041120436042547
0.2761904761904762,-0.007347144652158022
0.2766439909297052,-0.006519558373838663
0.27709750566893426,-0.005640878342092037
0.27755102040816326,-0.005450357683002949
0.2780045351473923,-0.004915560130029917
0.2784580498866213,-0.005173454061150551
0.2789115646258503,-0.006533028092235327
0.27936507936507937,-0.00801020860671997
0.27981859410430837,-0.009713368490338326
0.2802721088435374,-0.009931209497153759
0.2807256235827664,-0.008662107400596142
0.2811791383219955,-0.007898258045315742
0.2816326530612245,-0.007364234421402216
0.28208616780045354,-0.006779384333640337
0.28253968253968254,-0.006952382158488035
0.2829931972789116,-0.007018493488430977
0.2834467120181406,-0.006265281233936548
0.2839002267573696,-0.005115161649882793
0.28435374149659864,-0.004211026709526777
0.28480725623582764,-0.003829470369964838
0.2852607709750567,-0.003278265241533518
0.2857142857142857,-0.002658132929354906
0.28616780045351475,-0.003724937094375491
0.28662131519274375,-0.0035552536137402058
0.2870748299319728,-0.002745739184319973
0.2875283446712018,-0.002734919311478734
0.28798185941043086,-0.0026005576364696026
0.28843537414965986,-0.0039393100887537
0.28888888888888886,-0.004814249463379383
0.2893424036281179,-0.0056718457490205765
0.2897959183673469,-0.006741449702531099
0.29024943310657597,-0.006939359474927187
0.29070294784580497,-0.007443622220307589
0.291156462585034,-0.007191035896539688
0.291609977324263,-0.005683776456862688
0.2920634920634921,-0.003899403614923358
0.2925170068027211,-0.0022456084843724966
0.29297052154195014,-0.0010850674007087946
0.29342403628117913,-9.714951738715172e-05
0.2938775510204082,0.0013066671090200543
0.2943310657596372,0.002457596594467759
0.2947845804988662,0.00288098375312984
0.29523809523809524,0.0029957075603306293
0.29569160997732424,0.002320055151358247
0.2961451247165533,0.0014775230083614588
0.2965986394557823,0.0005397540517151356
0.29705215419501135,-0.0002648330118972808
0.29750566893424035,-0.00022095897293183953
0.2979591836734694,-1.3405756362772081e-05
0.2984126984126984,0.00022380007430911064
0.29886621315192746,0.0008228716906160116
0.29931972789115646,0.0015225025126710534
0.29977324263038546,0.0013215250801295042
0.3002267573696145,0.0006843553273938596
0.3006802721088435,0.0011496554361656308
0.30113378684807257,0.001435396377928555
0.30158730158730157,0.0016404441557824612
0.3020408163265306,0.002675931202247739
0.3024943310657596,0.002724866382777691
0.3029478458049887,0.002865042071789503
0.3034013605442177,0.004110667854547501
0.30385487528344673,0.005228381138294935
0.30430839002267573,0.005542606581002474
0.3047619047619048,0.005123160779476166
0.3052154195011338,0.0060967132449150085
0.3056689342403628,0.0072001926600933075
0.30612244897959184,0.006264594383537769
0.30657596371882084,0.005266191903501749
0.3070294784580499,0.0042417049407958984
0.3074829931972789,0.0033563401084393263
0.30793650793650795,0.002788349287584424
0.30839002267573695,0.0029496352653950453
0.308843537414966,0.00299670547246933
0.309297052154195,0.002559279790148139
0.30975056689342406,0.0032274082768708467
0.31020408163265306,0.0047635543160140514
0.31065759637188206,0.006136602256447077
0.3111111111111111,0.005800733342766762
0.3115646258503401,0.005125613883137703
0.31201814058956917,0.0056901127099990845
0.31247165532879817,0.0063085658475756645
0.3129251700680272,0.005671846214681864
0.3133786848072562,0.004742809571325779
0.3138321995464853,0.0036463593132793903
0.3142857142857143,0.0029359948821365833
0.31473922902494333,0.0031237152870744467
0.31519274376417233,0.003412279300391674
0.31564625850340133,0.003560122800990939
0.3160997732426304,0.004253116901963949
0.3165532879818594,0.005745457485318184
0.31700680272108844,0.005690619349479675
0.31746031746031744,0.004763612989336252
0.3179138321995465,0.004234919790178537
0.3183673469387755,0.003816939890384674
0.31882086167800455,0.0036507071927189827
0.31927437641723355,0.0022605815902352333
0.3197278911564626,-0.00015426149184349924
0.3201814058956916,-0.001231946749612689
0.32063492063492066,-0.0014765403466299176
0.32108843537414966,-0.0010254888329654932
0.32154195011337866,-0.0003964414063375443
0.3219954648526077,-0.0003578929463401437
0.3224489795918367,-0.00017489399760961533
0.32290249433106577,-0.0010245180455967784
0.32335600907029477,-0.003305636113509536
0.3238095238095238,-0.005195497069507837
0.3242630385487528,-0.005828144494444132
0.3247165532879819,-0.006398581434041262
0.3251700680272109,-0.006528210826218128
0.32562358276643993,-0.006136118434369564
0.32607709750566893,-0.005202528554946184
0.32653061224489793,-0.004464882891625166
0.326984126984127,-0.004345546010881662
0.327437641723356,-0.004612131975591183
0.32789115646258504,-0.005638041067868471
0.32834467120181404,-0.005712825804948807
0.3287981859410431,-0.004779933951795101
0.3292517006802721,-0.0036847759038209915
0.32970521541950115,-0.0029373844154179096
0.33015873015873015,-0.0025061918422579765
0.3306122448979592,-0.0012566307559609413
0.3310657596371882,-0.0005764802917838097
0.33151927437641726,-0.0010091110598295927
0.33197278911564626,-0.002189717488363385
0.33242630385487526,-0.004866305738687515
0.3328798185941043,-0.007870412431657314
0.3333333333333333,-0.010928607545793056
0.33378684807256237,-0.014382008463144302
0.33424036281179137,-0.017632432281970978
0.3346938775510204,-0.019912216812372208
0.3351473922902494,-0.021314600482583046
0.3356009070294785,-0.021496890112757683
0.3360544217687075,-0.020486654713749886
0.33650793650793653,-0.01895223930478096
0.33696145124716553,-0.017254067584872246
0.33741496598639453,-0.015615771524608135
0.3378684807256236,-0.012775587849318981
0.3383219954648526,-0.009159536100924015
0.33877551020408164,-0.006143688224256039
0.33922902494331064,-0.0027974138502031565
0.3396825396825397,0.00014340058260131627
0.3401360544217687,0.001433796831406653
0.34058956916099775,0.002015270758420229
0.34104308390022675,0.0029717914294451475
0.3414965986394558,0.00376066192984581
0.3419501133786848,0.004125645849853754
0.3424036281179138,0.005196332465857267
0.34285714285714286,0.006137109827250242
0.34331065759637186,0.007555899675935507
0.3437641723356009,0.007647814229130745
0.3442176870748299,0.006378309801220894
0.34467120181405897,0.005882214289158583
0.34512471655328797,0.005405035801231861
0.345578231292517,0.00509529048576951
0.346031746031746,0.0038882673252373934
0.3464852607709751,0.002370287897065282
0.3469387755102041,0.0010077914921566844
0.34739229024943313,0.0007362619508057833
0.34784580498866213,0.00036954073584638536
0.34829931972789113,-0.0009411974460817873
0.3487528344671202,-0.0021639063488692045
0.3492063492063492,-0.003333768807351589
0.34965986394557824,-0.004891646094620228
0.35011337868480724,-0.007040708791464567
0.3505668934240363,-0.008376635611057281
0.3510204081632653,-0.010254434309899807
0.35147392290249435,-0.011797964572906494
0.35192743764172335,-0.012088210321962833
0.3523809523809524,-0.011373263783752918
0.3528344671201814,-0.008920112624764442
0.3532879818594104,-0.005379819311201572
0.35374149659863946,-0.0014795439783483744
0.35419501133786846,0.0011211002711206675
0.3546485260770975,0.0018824934959411621
0.3551020408163265,0.002730757463723421
0.35555555555555557,0.003531360998749733
0.35600907029478457,0.0038845762610435486
0.3564625850340136,0.0043950751423835754
0.3569160997732426,0.0038804304786026478
0.3573696145124717,0.004302047658711672
0.3578231292517007,0.006448318716138601
0.35827664399092973,0.006975761614739895
0.35873015873015873,0.006779497489333153
0.35918367346938773,0.007737901993095875
0.3596371882086168,0.008294359780848026
0.3600907029478458,0.008408148773014545
0.36054421768707484,0.009138855151832104
0.36099773242630384,0.009118162095546722
0.3614512471655329,0.0074499244801700115
0.3619047619047619,0.004946125205606222
0.36235827664399095,0.0028269945178180933
0.36281179138321995,0.0009733593906275928
0.363265306122449,-0.001003592973574996
0.363718820861678,-0.0020317796152085066
0.364172335600907,-0.0025262453127652407
0.36462585034013606,-0.0026470341254025698
0.36507936507936506,-0.0019770751241594553
0.3655328798185941,-0.0012660325737670064
0.3659863945578231,0.00018943383474834263
0.36643990929705217,0.0015002923319116235
0.36689342403628117,0.0024299228098243475
0.3673469387755102,0.003274445654824376
0.3678004535147392,0.0024404970463365316
0.3682539682539683,-0.0003530482645146549
0.3687074829931973,-0.004864103626459837
0.3691609977324263,-0.008614124730229378
0.36961451247165533,-0.01069884654134512
0.37006802721088433,-0.010914048179984093
0.3705215419501134,-0.00983916874974966
0.3709750566893424,-0.008155244402587414
0.37142857142857144,-0.006017617415636778
0.37188208616780044,-0.00393044576048851
0.3723356009070295,-0.002640558872371912
0.3727891156462585,-0.0025999939534813166
0.37324263038548755,-0.002529834397137165
0.37369614512471655,-0.0025684053543955088
0.3741496598639456,-0.0014838037313893437
0.3746031746031746,0.0010738034034147859
0.3750566893424036,0.00347084179520607
0.37551020408163266,0.004834020044654608
0.37596371882086166,0.006064143963158131
0.3764172335600907,0.00727979838848114
0.3768707482993197,0.00779969384893775
0.37732426303854877,0.007196381222456694
0.37777777777777777,0.005809484515339136
0.3782312925170068,0.004024968482553959
0.3786848072562358,0.0007305071339942515
0.3791383219954649,-0.0026324677746742964
0.3795918367346939,-0.004160142969340086
0.3800453514739229,-0.0044671944342553616
0.38049886621315193,-0.004375163000077009
0.38095238095238093,-0.003823164151981473
0.38140589569161,-0.003985638730227947
0.381859410430839,-0.004684022627770901
0.38231292517006804,-0.005474803503602743
0.38276643990929704,-0.005234229378402233
0.3832199546485261,-0.004225588403642178
0.3836734693877551,-0.003584539983421564
0.38412698412698415,-0.0018309629522264004
0.38458049886621315,0.00019982906815130264
0.38503401360544215,0.0017454433254897594
0.3854875283446712,0.0025427897926419973
0.3859410430839002,0.0018733959877863526
0.38639455782312926,0.0012036667903885245
0.38684807256235826,0.0012118687154725194
0.3873015873015873,-0.0011126721510663629
0.3877551020408163,-0.004319322295486927
0.38820861678004537,-0.005640089977532625
0.38866213151927437,-0.006399696227163076
0.3891156462585034,-0.006086092907935381
0.3895691609977324,-0.004195446148514748
0.3900226757369615,-0.0010840182658284903
0.3904761904761905,0.0025962097570300102
0.3909297052154195,0.00595673406496644
0.39138321995464853,0.008325349539518356
0.39183673469387753,0.009083427488803864
0.3922902494331066,0.00764026353135705
0.3927437641723356,0.0046483478508889675
0.39319727891156464,0.0018951465608552098
0.39365079365079364,0.00026383233489468694
0.3941043083900227,6.754014611942694e-05
0.3945578231292517,0.00047947707935236394
0.39501133786848075,0.0016136092599481344
0.39546485260770975,0.00185470562428236
0.39591836734693875,-8.05401723482646e-05
0.3963718820861678,-0.0020504905842244625
0.3968253968253968,-0.0033029653131961823
0.39727891156462586,-0.00451995711773634
0.39773242630385486,-0.005213196389377117
0.3981859410430839,-0.004345497582107782
0.3986394557823129,-0.0013474109582602978
0.39909297052154197,0.00365843391045928
0.39954648526077097,0.010108351707458496
0.4,0.017507754266262054
0.400453514739229,0.024019381031394005
0.4009070294784581,0.029058514162898064
0.4013605442176871,0.031890690326690674
0.4018140589569161,0.03034755401313305
0.40226757369614513,0.025153502821922302
0.40272108843537413,0.01741836592555046
0.4031746031746032,0.008972587063908577
0.4036281179138322,0.0007512941956520081
0.40408163265306124,-0.009634601883590221
0.40453514739229024,-0.02094818465411663
0.4049886621315193,-0.03247327730059624
0.4054421768707483,-0.044871676713228226
0.40589569160997735,-0.05543911084532738
0.40634920634920635,-0.06250537186861038
0.40680272108843535,-0.06662636995315552
0.4072562358276644,-0.06855593621730804
0.4077097505668934,-0.06775958091020584
0.40816326530612246,-0.06386950612068176
0.40861678004535146,-0.058175668120384216
0.4090702947845805,-0.05176909640431404
0.4095238095238095,-0.04488380253314972
0.40997732426303857,-0.037842556834220886
0.41043083900226757,-0.028702789917588234
0.4108843537414966,-0.014671375043690205
0.4113378684807256,0.004279546905308962
0.4117913832199546,0.02921445481479168
0.4122448979591837,0.05998023599386215
0.4126984126984127,0.0946502611041069
0.41315192743764173,0.13027755916118622
0.41360544217687073,0.16195537149906158
0.4140589569160998,0.18401415646076202
0.4145124716553288,0.19109484553337097
0.41496598639455784,0.18126271665096283
0.41541950113378684,0.15456649661064148
0.4158730158730159,0.11440236121416092
0.4163265306122449,0.06587947905063629
0.41678004535147395,0.014386811293661594
0.41723356009070295,-0.03375009447336197
0.41768707482993195,-0.07546348869800568
0.418140589569161,-0.1113331988453865
0.41859410430839,-0.14164261519908905
0.41904761904761906,-0.16600826382637024
0.41950113378684806,-0.18398937582969666
0.4199546485260771,-0.1973198652267456
0.4204081632653061,-0.20524896681308746
0.42086167800453517,-0.20656906068325043
0.42131519274376417,-0.20242640376091003
0.4217687074829932,-0.19152821600437164
0.4222222222222222,-0.17471298575401306
0.4226757369614512,-0.15367481112480164
0.4231292517006803,-0.1296670287847519
0.4235827664399093,-0.10303917527198792
0.42403628117913833,-0.07542052119970322
0.42448979591836733,-0.0510551854968071
0.4249433106575964,-0.03424502909183502
0.4253968253968254,-0.024100109934806824
0.42585034013605444,-0.019032547250390053
0.42630385487528344,-0.015918424353003502
0.4267573696145125,-0.008278596214950085
0.4272108843537415,0.008616487495601177
0.42766439909297055,0.04156775027513504
0.42811791383219955,0.09164926409721375
0.42857142857142855,0.15433301031589508
0.4290249433106576,0.22533933818340302
0.4294784580498866,0.2969772517681122
0.42993197278911566,0.3597431182861328
0.43038548752834466,0.4089414179325104
0.4308390022675737,0.441175252199173
0.4312925170068027,0.45628970861434937
0.43174603174603177,0.45772767066955566
0.43219954648526077,0.4508080780506134
0.4326530612244898,0.4414193630218506
0.4331065759637188,0.43126189708709717
0.4335600907029478,0.41813740134239197
0.4340136054421769,0.39822712540626526
0.4344671201814059,0.3685229420661926
0.43492063492063493,0.3232859969139099
0.43537414965986393,0.2638280689716339
0.435827664399093,0.1939939707517624
0.436281179138322,0.11868318170309067
0.43673469387755104,0.046442918479442596
0.43718820861678004,-0.015145432204008102
0.4376417233560091,-0.06151747703552246
0.4380952380952381,-0.09344512969255447
0.4385487528344671,-0.11426190286874771
0.43900226757369615,-0.13178397715091705
0.43945578231292515,-0.15388505160808563
0.4399092970521542,-0.18803544342517853
0.4403628117913832,-0.23728013038635254
0.44081632653061226,-0.3002794682979584
0.44126984126984126,-0.3716961145401001
0.4417233560090703,-0.44241464138031006
0.4421768707482993,-0.5037379860877991
0.44263038548752837,-0.5484533905982971
0.44308390022675737,-0.5747166872024536
0.4435374149659864,-0.583229124546051
0.4439909297052154,-0.5780316591262817
0.4444444444444444,-0.5660802721977234
0.4448979591836735,-0.5518242120742798
0.4453514739229025,-0.5369962453842163
0.44580498866213153,-0.5194662809371948
0.44625850340136053,-0.4954955577850342
0.4467120181405896,-0.4611717462539673
0.4471655328798186,-0.4127599000930786
0.44761904761904764,-0.35019803047180176
0.44807256235827664,-0.2762182354927063
0.4485260770975057,-0.1957985758781433
0.4489795918367347,-0.11529777199029922
0.4494331065759637,-0.03977694734930992
0.44988662131519275,0.026128454133868217
0.45034013605442175,0.0819873958826065
0.4507936507936508,0.12943828105926514
0.4512471655328798,0.17083807289600372
0.45170068027210886,0.21058395504951477
0.45215419501133786,0.24966377019882202
0.4526077097505669,0.28866130113601685
0.4530612244897959,0.3287203311920166
0.45351473922902497,0.36630189418792725
0.45396825396825397,0.3954668343067169
0.454421768707483,0.41475969552993774
0.454875283446712,0.4237692356109619
0.455328798185941,0.42270466685295105
0.4557823129251701,0.4147573411464691
0.4562358276643991,0.40127789974212646
0.45668934240362813,0.38358062505722046
0.45714285714285713,0.36303961277008057
0.4575963718820862,0.3390130400657654
0.4580498866213152,0.31134137511253357
0.45850340136054424,0.2794804275035858
0.45895691609977324,0.24372799694538116
0.4594104308390023,0.20447435975074768
0.4598639455782313,0.1635897308588028
0.4603174603174603,0.12283754348754883
0.46077097505668935,0.08434247225522995
0.46122448979591835,0.05059380456805229
0.4616780045351474,0.02069399692118168
0.4621315192743764,-0.0059626405127346516
0.46258503401360546,-0.028903523460030556
0.46303854875283446,-0.048203591257333755
0.4634920634920635,-0.06473800539970398
0.4639455782312925,-0.07901234179735184
0.46439909297052157,-0.09216377139091492
0.46485260770975056,-0.1046140044927597
0.46530612244897956,-0.11607051640748978
0.4657596371882086,-0.12422008812427521
0.4662131519274376,-0.12761107087135315
0.4666666666666667,-0.12705770134925842
0.4671201814058957,-0.12375127524137497
0.46757369614512473,-0.11801382154226303
0.46802721088435373,-0.10962413996458054
0.4684807256235828,-0.10050012916326523
0.4689342403628118,-0.0922112911939621
0.46938775510204084,-0.08441071212291718
0.46984126984126984,-0.07649307698011398
0.4702947845804989,-0.0694597139954567
0.4707482993197279,-0.06221046671271324
0.4712018140589569,-0.05366338789463043
0.47165532879818595,-0.04422680288553238
0.47210884353741495,-0.03463199362158775
0.472562358276644,-0.026215996593236923
0.473015873015873,-0.01787801831960678
0.47346938775510206,-0.010630457662045956
0.47392290249433106,-0.005755335092544556
0.4743764172335601,-0.0003979427565354854
0.4748299319727891,0.006119924131780863
0.47528344671201816,0.011584480293095112
0.47573696145124716,0.016126180067658424
0.47619047619047616,0.021220199763774872
0.4766439909297052,0.026163235306739807
0.4770975056689342,0.030001144856214523
0.4775510204081633,0.03255930542945862
0.4780045351473923,0.033425044268369675
0.47845804988662133,0.0321764312684536
0.47891156462585033,0.02897394262254238
0.4793650793650794,0.026651768013834953
0.4798185941043084,0.026072783395648003
0.48027210884353744,0.0253619272261858
0.48072562358276644,0.025163661688566208
0.4811791383219955,0.024397753179073334
0.4816326530612245,0.023554453626275063
0.4820861678004535,0.023807426914572716
0.48253968253968255,0.023767944425344467
0.48299319727891155,0.02293902076780796
0.4834467120181406,0.020910443738102913
0.4839002267573696,0.017241474241018295
0.48435374149659866,0.01244015246629715
0.48480725623582765,0.008551112376153469
0.4852607709750567,0.005553482566028833
0.4857142857142857,0.0028861300088465214
0.48616780045351476,0.0010702464496716857
0.48662131519274376,0.0008986759930849075
0.48707482993197276,0.0009449432836845517
0.4875283446712018,-0.00024377483350690454
0.4879818594104308,-0.0010890573030337691
0.4884353741496599,-0.002217266010120511
0.4888888888888889,-0.00480454508215189
0.48934240362811793,-0.00842104759067297
0.4897959183673469,-0.011396978981792927
0.490249433106576,-0.014960267581045628
0.490702947845805,-0.018768755719065666
0.49115646258503404,-0.019382571801543236
0.49160997732426304,-0.018636727705597878
0.49206349206349204,-0.01762375421822071
0.4925170068027211,-0.015655584633350372
0.4929705215419501,-0.014170321635901928
0.49342403628117915,-0.014567564241588116
0.49387755102040815,-0.017291348427534103
0.4943310657596372,-0.020935559645295143
0.4947845804988662,-0.02496374025940895
0.49523809523809526,-0.02949013188481331
0.49569160997732425,-0.032532382756471634
0.4961451247165533,-0.03393429517745972
0.4965986394557823,-0.03338533639907837
0.49705215419501136,-0.03276795521378517
0.49750566893424036,-0.034124232828617096
0.49795918367346936,-0.03558364883065224
0.4984126984126984,-0.037080299109220505
0.4988662131519274,-0.03879564628005028
0.4993197278911565,-0.0392175130546093
0.4997732426303855,-0.03843843191862106
0.5002267573696145,-0.03861157223582268
0.5006802721088436,-0.037101540714502335
0.5011337868480725,-0.03392033278942108
0.5015873015873016,-0.03221028670668602
0.5020408163265306,-0.029353322461247444
0.5024943310657597,-0.02565716579556465
0.5029478458049886,-0.020950309932231903
0.5034013605442177,-0.015546631067991257
0.5038548752834467,-0.011730651371181011
0.5043083900226757,-0.009550216607749462
0.5047619047619047,-0.00893358513712883
0.5052154195011338,-0.008342176675796509
0.5056689342403629,-0.007536524441093206
0.5061224489795918,-0.005865483079105616
0.5065759637188209,-0.0046652015298604965
0.5070294784580499,-0.0033003664575517178
0.507482993197279,-0.0012765576830133796
0.5079365079365079,0.000294508965453133
0.508390022675737,0.00196988508105278
0.508843537414966,0.0031436679419130087
0.509297052154195,0.004963618703186512
0.509750566893424,0.00685561029240489
0.5102040816326531,0.00918711256235838
0.5106575963718821,0.012602109462022781
0.5111111111111111,0.016362011432647705
0.5115646258503401,0.019541475921869278
0.5120181405895692,0.020827921107411385
0.5124716553287982,0.02014133706688881
0.5129251700680272,0.018834583461284637
0.5133786848072562,0.018011929467320442
0.5138321995464853,0.016776200383901596
0.5142857142857142,0.014433766715228558
0.5147392290249433,0.012266443111002445
0.5151927437641723,0.010555685497820377
0.5156462585034014,0.00859951414167881
0.5160997732426303,0.009798001497983932
0.5165532879818594,0.012940633110702038
0.5170068027210885,0.014796881005167961
0.5174603174603175,0.016655538231134415
0.5179138321995465,0.018023092299699783
0.5183673469387755,0.018992388620972633
0.5188208616780046,0.019551511853933334
0.5192743764172335,0.019902391359210014
0.5197278911564626,0.02031809464097023
0.5201814058956916,0.02103305235505104
0.5206349206349207,0.022869635373353958
0.5210884353741496,0.024187615141272545
0.5215419501133787,0.02463931404054165
0.5219954648526077,0.02383282780647278
0.5224489795918368,0.021905556321144104
0.5229024943310657,0.02025936357676983
0.5233560090702948,0.018625082448124886
0.5238095238095238,0.01704029180109501
0.5242630385487528,0.015583415515720844
0.5247165532879818,0.014663388021290302
0.5251700680272109,0.013132426887750626
0.52562358276644,0.011871647089719772
0.5260770975056689,0.010432958602905273
0.5265306122448979,0.00816262699663639
0.526984126984127,0.0070007676258683205
0.527437641723356,0.005094639956951141
0.527891156462585,0.0018322388641536236
0.528344671201814,-0.000666230043862015
0.5287981859410431,-0.00047529287985526025
0.5292517006802722,-0.0008247931837104261
0.5297052154195011,-0.0019661206752061844
0.5301587301587302,-0.004062311723828316
0.5306122448979592,-0.007344185374677181
0.5310657596371882,-0.01031411811709404
0.5315192743764172,-0.015170254744589329
0.5319727891156463,-0.019753849133849144
0.5324263038548753,-0.023008642718195915
0.5328798185941043,-0.023782948032021523
0.5333333333333333,-0.022234223783016205
0.5337868480725624,-0.019746117293834686
0.5342403628117914,-0.017000356689095497
0.5346938775510204,-0.014571504667401314
0.5351473922902494,-0.013869999907910824
0.5356009070294785,-0.015172730199992657
0.5360544217687074,-0.016685275360941887
0.5365079365079365,-0.017112132161855698
0.5369614512471655,-0.015586703084409237
0.5374149659863946,-0.013884022831916809
0.5378684807256235,-0.01174649316817522
0.5383219954648526,-0.009236783720552921
0.5387755102040817,-0.007614951115101576
0.5392290249433107,-0.007094244938343763
0.5396825396825397,-0.007638211827725172
0.5401360544217687,-0.008782696910202503
0.5405895691609978,-0.009898630902171135
0.5410430839002267,-0.011711323633790016
0.5414965986394558,-0.012983846478164196
0.5419501133786848,-0.013812294229865074
0.5424036281179139,-0.015635784715414047
0.5428571428571428,-0.01692883111536503
0.5433106575963719,-0.017357617616653442
0.5437641723356009,-0.016423285007476807
0.54421768707483,-0.01534892339259386
0.5446712018140589,-0.014544334262609482
0.545124716553288,-0.013411353342235088
0.545578231292517,-0.012505043298006058
0.546031746031746,-0.0115785738453269
0.546485260770975,-0.010248660109937191
0.5469387755102041,-0.00782284326851368
0.5473922902494331,-0.005343541502952576
0.5478458049886621,-0.0036680344492197037
0.5482993197278911,-0.003913796041160822
0.5487528344671202,-0.004450439941138029
0.5492063492063493,-0.0034997465554624796
0.5496598639455782,-0.0027337870560586452
0.5501133786848073,-0.0016015464207157493
0.5505668934240363,0.001349489321000874
0.5510204081632653,0.005094611551612616
0.5514739229024943,0.008081397041678429
0.5519274376417234,0.009301543235778809
0.5523809523809524,0.00903516635298729
0.5528344671201814,0.008914770558476448
0.5532879818594104,0.009158102795481682
0.5537414965986395,0.010515034198760986
0.5541950113378685,0.012578317895531654
0.5546485260770975,0.01405328419059515
0.5551020408163265,0.014782760292291641
0.5555555555555556,0.0161488838493824
0.5560090702947846,0.018474789336323738
0.5564625850340136,0.01977762021124363
0.5569160997732426,0.020565086975693703
0.5573696145124717,0.021909764036536217
0.5578231292517006,0.02252218872308731
0.5582766439909297,0.022740952670574188
0.5587301587301587,0.02210058458149433
0.5591836734693878,0.019413456320762634
0.5596371882086167,0.01651075668632984
0.5600907029478458,0.01430624071508646
0.5605442176870749,0.01460813358426094
0.5609977324263039,0.017311803996562958
0.5614512471655329,0.019878588616847992
0.5619047619047619,0.021677520126104355
0.562358276643991,0.022975603118538857
0.5628117913832199,0.02254212275147438
0.563265306122449,0.021088724955916405
0.563718820861678,0.0198257714509964
0.5641723356009071,0.017585674300789833
0.564625850340136,0.014843557961285114
0.5650793650793651,0.01218495611101389
0.5655328798185941,0.009449345991015434
0.5659863945578232,0.006137664429843426
0.5664399092970521,0.003609308274462819
0.5668934240362812,0.0010411764960736036
0.5673469387755102,-0.0004115327319595963
0.5678004535147392,0.00021415288210846484
0.5682539682539682,0.0009732070029713213
0.5687074829931973,0.0009129071841016412
0.5691609977324263,-2.5991896109189838e-05
0.5696145124716553,-0.000862171349581331
0.5700680272108843,-0.002689436310902238
0.5705215419501134,-0.00430293008685112
0.5709750566893425,-0.0048762354999780655
0.5714285714285714,-0.004887332208454609
0.5718820861678005,-0.0050380052998661995
0.5723356009070295,-0.0049146851524710655
0.5727891156462585,-0.00422773789614439
0.5732426303854875,-0.004091124981641769
0.5736961451247166,-0.0037241876125335693
0.5741496598639456,-0.0031916226726025343
0.5746031746031746,-0.002711148699745536
0.5750566893424036,-0.0027564920019358397
0.5755102040816327,-0.003901161951944232
0.5759637188208617,-0.00524887116625905
0.5764172335600907,-0.006892471108585596
0.5768707482993197,-0.008229691535234451
0.5773242630385488,-0.008940523490309715
0.5777777777777777,-0.008973030373454094
0.5782312925170068,-0.008476979099214077
0.5786848072562358,-0.00946871843189001
0.5791383219954649,-0.010562721639871597
0.5795918367346938,-0.010605639778077602
0.5800453514739229,-0.010512224398553371
0.5804988662131519,-0.010958143509924412
0.580952380952381,-0.012240460142493248
0.5814058956916099,-0.012506389059126377
0.581859410430839,-0.01213881652802229
0.582312925170068,-0.011717763729393482
0.5827664399092971,-0.012923600152134895
0.583219954648526,-0.013848340138792992
0.5836734693877551,-0.013223898597061634
0.5841269841269842,-0.013181585818529129
0.5845804988662131,-0.01189345121383667
0.5850340136054422,-0.01062209252268076
0.5854875283446712,-0.00928199477493763
0.5859410430839003,-0.00892405305057764
0.5863945578231292,-0.00950328353792429
0.5868480725623583,-0.010028328746557236
0.5873015873015873,-0.011679577641189098
0.5877551020408164,-0.013812022283673286
0.5882086167800453,-0.014561611227691174
0.5886621315192744,-0.014079813845455647
0.5891156462585034,-0.014120308682322502
0.5895691609977324,-0.014035724103450775
0.5900226757369614,-0.013983507640659809
0.5904761904761905,-0.013745647855103016
0.5909297052154195,-0.013014283031225204
0.5913832199546485,-0.010598919354379177
0.5918367346938775,-0.007323354482650757
0.5922902494331066,-0.005081419367343187
0.5927437641723357,-0.002923599211499095
0.5931972789115646,-0.0004110668087378144
0.5936507936507937,0.0014098885003477335
0.5941043083900227,0.0021726982668042183
0.5945578231292517,0.002814334351569414
0.5950113378684807,0.004052529577165842
0.5954648526077098,0.005337139125913382
0.5959183673469388,0.006835788954049349
0.5963718820861678,0.008613240905106068
0.5968253968253968,0.010730069130659103
0.5972789115646259,0.013525712303817272
0.5977324263038549,0.014840700663626194
0.5981859410430839,0.014899901114404202
0.5986394557823129,0.014139772392809391
0.599092970521542,0.012677210383117199
0.5995464852607709,0.01225164532661438
0.6,0.012845693156123161
0.600453514739229,0.013356983661651611
0.6009070294784581,0.01435772143304348
0.601360544217687,0.01531888172030449
0.6018140589569161,0.015273663215339184
0.6022675736961451,0.014883414842188358
0.6027210884353742,0.013465008698403835
0.6031746031746031,0.012238217517733574
0.6036281179138322,0.011241767555475235
0.6040816326530613,0.010406244546175003
0.6045351473922902,0.011197992600500584
0.6049886621315193,0.01208430901169777
0.6054421768707483,0.012655992992222309
0.6058956916099774,0.013719627633690834
0.6063492063492063,0.013867843896150589
0.6068027210884354,0.013781070709228516
0.6072562358276644,0.014336813241243362
0.6077097505668935,0.016018565744161606
0.6081632653061224,0.017936555668711662
0.6086167800453515,0.02041635289788246
0.6090702947845805,0.023988526314496994
0.6095238095238096,0.02614307962357998
0.6099773242630385,0.02777772769331932
0.6104308390022676,0.029821543022990227
0.6108843537414966,0.03103378787636757
0.6113378684807256,0.030271826311945915
0.6117913832199546,0.029453806579113007
0.6122448979591837,0.027718793600797653
0.6126984126984127,0.024268968030810356
0.6131519274376417,0.020596478134393692
0.6136054421768707,0.01874343305826187
0.6140589569160998,0.01793563738465309
0.6145124716553289,0.017101110890507698
0.6149659863945578,0.01818467676639557
0.6154195011337869,0.019192203879356384
0.6158730158730159,0.01856955699622631
0.6163265306122448,0.016849813982844353
0.6167800453514739,0.015496252104640007
0.617233560090703,0.013198629021644592
0.617687074829932,0.011840758845210075
0.618140589569161,0.011395367793738842
0.61859410430839,0.008716920390725136
0.6190476190476191,0.006235615815967321
0.6195011337868481,0.005084948148578405
0.6199546485260771,0.00412872526794672
0.6204081632653061,0.002205820521339774
0.6208616780045352,0.0010893874568864703
0.6213151927437641,-1.5657324183848687e-05
0.6217687074829932,-0.0025092177093029022
0.6222222222222222,-0.004874895792454481
0.6226757369614513,-0.006987074855715036
0.6231292517006802,-0.009059191681444645
0.6235827664399093,-0.010590726509690285
0.6240362811791383,-0.010450847446918488
0.6244897959183674,-0.009469329379498959
0.6249433106575963,-0.008014014922082424
0.6253968253968254,-0.006224887445569038
0.6258503401360545,-0.003461814485490322
0.6263038548752834,-0.0018138678278774023
0.6267573696145124,-0.0020474684424698353
0.6272108843537415,-0.000932549883145839
0.6276643990929706,0.0012057801941409707
0.6281179138321995,0.003485411172732711
0.6285714285714286,0.00441753352060914
0.6290249433106576,0.0027521082665771246
0.6294784580498867,5.8083598560187966e-05
0.6299319727891156,-0.001401092391461134
0.6303854875283447,-0.002816535998135805
0.6308390022675737,-0.0040556900203228
0.6312925170068027,-0.0046478030271828175
0.6317460317460317,-0.0038636012468487024
0.6321995464852608,-0.002095553558319807
0.6326530612244898,-0.0009098824230022728
0.6331065759637188,0.0006080862949602306
0.6335600907029478,0.0010881619527935982
0.6340136054421769,0.0001783797488315031
0.6344671201814059,-0.0014838605420663953
0.6349206349206349,-0.003592449938878417
0.6353741496598639,-0.005766425747424364
0.635827664399093,-0.0074142711237072945
0.636281179138322,-0.008604012429714203
0.636734693877551,-0.008580628782510757
0.63718820861678,-0.007279783021658659
0.6376417233560091,-0.0067003569565713406
0.638095238095238,-0.00517917750403285
0.6385487528344671,-0.0023175664246082306
0.6390022675736962,-0.0008148861234076321
0.6394557823129252,-0.0006677567726001143
0.6399092970521542,-0.001150609226897359
0.6403628117913832,-0.0015524356858804822
0.6408163265306123,-0.0013605306157842278
0.6412698412698413,-0.00020010894513688982
0.6417233560090703,0.002672856207937002
0.6421768707482993,0.0060729640536010265
0.6426303854875284,0.008211992681026459
0.6430839002267573,0.009510081261396408
0.6435374149659864,0.011632867157459259
0.6439909297052154,0.012950784526765347
0.6444444444444445,0.012155070900917053
0.6448979591836734,0.011180778034031391
0.6453514739229025,0.009806091897189617
0.6458049886621315,0.007831542752683163
0.6462585034013606,0.007446318864822388
0.6467120181405895,0.009028240106999874
0.6471655328798186,0.00949839036911726
0.6476190476190476,0.009360289201140404
0.6480725623582766,0.010665002278983593
0.6485260770975056,0.01130396593362093
0.6489795918367347,0.011743376031517982
0.6494331065759638,0.012814422138035297
0.6498866213151927,0.014331859536468983
0.6503401360544218,0.015159131959080696
0.6507936507936508,0.013898682780563831
0.6512471655328799,0.012498173862695694
0.6517006802721088,0.01140663307160139
0.6521541950113379,0.010529481805860996
0.6526077097505669,0.009079239331185818
0.6530612244897959,0.007902772165834904
0.6535147392290249,0.007383718155324459
0.653968253968254,0.007070437539368868
0.654421768707483,0.007049208506941795
0.654875283446712,0.006334771402180195
0.655328798185941,0.005642676260322332
0.6557823129251701,0.00542221637442708
0.6562358276643991,0.00556958420202136
0.6566893424036281,0.004441400058567524
0.6571428571428571,0.0030752927996218204
0.6575963718820862,0.002163266995921731
0.6580498866213151,0.0013636654475703835
0.6585034013605442,0.00035094315535388887
0.6589569160997732,-0.00019822950707748532
0.6594104308390023,0.000608006666880101
0.6598639455782312,0.0012153777061030269
0.6603174603174603,0.0014622324379161
0.6607709750566894,0.0023621038999408484
0.6612244897959184,0.0035549988970160484
0.6616780045351474,0.003608998144045472
0.6621315192743764,0.0044913445599377155
0.6625850340136055,0.005221618805080652
0.6630385487528345,0.004427765030413866
0.6634920634920635,0.0033690386917442083
0.6639455782312925,0.0033418580424040556
0.6643990929705216,0.003889682237058878
0.6648526077097505,0.00336277112364769
0.6653061224489796,0.002903955290094018
0.6657596371882086,0.002534938510507345
0.6662131519274377,0.0019462092313915491
0.6666666666666666,0.0022565920371562243
0.6671201814058957,0.0035612189676612616
0.6675736961451247,0.003735701786354184
0.6680272108843538,0.0024764169938862324
0.6684807256235827,0.0006379177211783826
0.6689342403628118,-0.001964936498552561
0.6693877551020408,-0.004385572858154774
0.6698412698412698,-0.005779428407549858
0.6702947845804988,-0.007197933737188578
0.6707482993197279,-0.008354336023330688
0.671201814058957,-0.008911101147532463
0.6716553287981859,-0.008256838656961918
0.672108843537415,-0.006690118461847305
0.672562358276644,-0.006049297284334898
0.6730158730158731,-0.0049227639101445675
0.673469387755102,-0.0037648468278348446
0.6739229024943311,-0.0033085958566516638
0.6743764172335601,-0.002345703775063157
0.6748299319727891,-0.0017107120947912335
0.6752834467120181,-0.002099616453051567
0.6757369614512472,-0.0010137396166101098
0.6761904761904762,0.00030601207981817424
0.6766439909297052,-0.00040766492020338774
0.6770975056689342,-0.0009284783154726028
0.6775510204081633,-0.0016249099280685186
0.6780045351473923,-0.002619611332193017
0.6784580498866213,-0.003299822797998786
0.6789115646258503,-0.0038749773520976305
0.6793650793650794,-0.004160493612289429
0.6798185941043083,-0.0044699255377054214
0.6802721088435374,-0.004648622125387192
0.6807256235827664,-0.005509275011718273
0.6811791383219955,-0.006915674544870853
0.6816326530612244,-0.008415628224611282
0.6820861678004535,-0.011605129577219486
0.6825396825396826,-0.013529828749597073
0.6829931972789116,-0.013351968489587307
0.6834467120181406,-0.012165623717010021
0.6839002267573696,-0.009102416224777699
0.6843537414965987,-0.00572338979691267
0.6848072562358276,-0.0021278115455061197
0.6852607709750567,0.0009026527986861765
0.6857142857142857,0.0030214462894946337
0.6861678004535148,0.003830015193670988
0.6866213151927437,0.0022489731200039387
0.6870748299319728,-0.0006523438496515155
0.6875283446712018,-0.0013805184280499816
0.6879818594104309,-0.0005843943217769265
0.6884353741496598,0.0010673629585653543
0.6888888888888889,0.002729938831180334
0.6893424036281179,0.0035837641917169094
0.689795918367347,0.005096818320453167
0.6902494331065759,0.005385665688663721
0.690702947845805,0.00435595354065299
0.691156462585034,0.003831468988209963
0.691609977324263,0.0038424988742917776
0.692063492063492,0.002433544024825096
0.6925170068027211,0.00044110656017437577
0.6929705215419502,-0.0014865637058392167
0.6934240362811791,-0.0017884877743199468
0.6938775510204082,-0.0013242823770269752
0.6943310657596372,-0.002581527456641197
0.6947845804988663,-0.004265724215656519
0.6952380952380952,-0.005797178018838167
0.6956916099773243,-0.007878746837377548
0.6961451247165533,-0.010538621805608273
0.6965986394557823,-0.013231649994850159
0.6970521541950113,-0.01555112935602665
0.6975056689342404,-0.016782784834504128
0.6979591836734694,-0.017327003180980682
0.6984126984126984,-0.01696988381445408
0.6988662131519274,-0.015364696271717548
0.6993197278911565,-0.013850707560777664
0.6997732426303855,-0.011570658534765244
0.7002267573696145,-0.008349820040166378
0.7006802721088435,-0.006117860320955515
0.7011337868480726,-0.0038720821030437946
0.7015873015873015,-0.0023106432054191828
0.7020408163265306,-0.0009140048059634864
0.7024943310657596,0.0012709933798760176
0.7029478458049887,0.002035750774666667
0.7034013605442176,0.0011430433951318264
0.7038548752834467,-0.0001149945383076556
0.7043083900226758,-0.001500398269854486
0.7047619047619048,-0.0032954930793493986
0.7052154195011338,-0.005494086071848869
0.7056689342403628,-0.006634785793721676
0.7061224489795919,-0.006580906920135021
0.7065759637188208,-0.006716606672853231
0.7070294784580499,-0.00683866860345006
0.7074829931972789,-0.00680739339441061
0.707936507936508,-0.00611614715307951
0.7083900226757369,-0.005527348257601261
0.708843537414966,-0.0052545564249157906
0.709297052154195,-0.004582393914461136
0.7097505668934241,-0.0036745588295161724
0.710204081632653,-0.0019952734000980854
0.7106575963718821,-0.0004979016957804561
0.7111111111111111,-0.0006743062986060977
0.7115646258503401,-0.00019988011626992375
0.7120181405895691,0.0002526142925489694
0.7124716553287982,-0.0004403087659738958
0.7129251700680272,-0.0021060360595583916
0.7133786848072562,-0.00486973999068141
0.7138321995464852,-0.007362718228250742
0.7142857142857143,-0.0090794051066041
0.7147392290249434,-0.008771544322371483
0.7151927437641723,-0.0073184180073440075
0.7156462585034014,-0.0054254475980997086
0.7160997732426304,-0.004128019325435162
0.7165532879818595,-0.0027670464478433132
0.7170068027210884,-0.001390828751027584
0.7174603174603175,-0.00024872348876670003
0.7179138321995465,0.00014208792708814144
0.7183673469387755,-0.0010962927481159568
0.7188208616780045,-0.0016961321234703064
0.7192743764172336,-0.00157842505723238
0.7197278911564626,-0.0010233665816485882
0.7201814058956916,-0.0001830900291679427
0.7206349206349206,0.0007456036983057857
0.7210884353741497,0.0017286055954173207
0.7215419501133787,0.002615943318232894
0.7219954648526077,0.0039353868924081326
0.7224489795918367,0.004599137231707573
0.7229024943310658,0.003253179369494319
0.7233560090702947,0.0017749768448993564
0.7238095238095238,0.001628207741305232
0.7242630385487528,0.0018194224685430527
0.7247165532879819,0.001950350240804255
0.7251700680272108,0.0018585764337331057
0.7256235827664399,0.0010545140830799937
0.726077097505669,0.00037403468741104007
0.726530612244898,-0.0015321632381528616
0.726984126984127,-0.004211750812828541
0.727437641723356,-0.006241095717996359
0.7278911564625851,-0.008514314889907837
0.728344671201814,-0.009955269284546375
0.7287981859410431,-0.010481946170330048
0.7292517006802721,-0.010369507595896721
0.7297052154195012,-0.009268725290894508
0.7301587301587301,-0.008787237107753754
0.7306122448979592,-0.008994851261377335
0.7310657596371882,-0.008068198338150978
0.7315192743764173,-0.0046477653086185455
0.7319727891156462,0.0018787524895742536
0.7324263038548753,0.01070405077189207
0.7328798185941043,0.022559814155101776
0.7333333333333333,0.03662500157952309
0.7337868480725623,0.051679302006959915
0.7342403628117914,0.06518256664276123
0.7346938775510204,0.07318813353776932
0.7351473922902494,0.07354927808046341
0.7356009070294784,0.0652213990688324
0.7360544217687075,0.04769914969801903
0.7365079365079366,0.021772237494587898
0.7369614512471655,-0.007559127174317837
0.7374149659863946,-0.03757655248045921
0.7378684807256236,-0.0652279183268547
0.7383219954648526,-0.08700212091207504
0.7387755102040816,-0.10288413614034653
0.7392290249433107,-0.11465200781822205
0.7396825396825397,-0.12148800492286682
0.7401360544217687,-0.12344197928905487
0.7405895691609977,-0.12490290403366089
0.7410430839002268,-0.12578991055488586
0.7414965986394558,-0.12501493096351624
0.7419501133786848,-0.122299425303936
0.7424036281179138,-0.11543121933937073
0.7428571428571429,-0.10346630960702896
0.7433106575963719,-0.08367954194545746
0.7437641723356009,-0.05233265087008476
0.7442176870748299,-0.008646463043987751
0.744671201814059,0.049174822866916656
0.7451247165532879,0.11941035091876984
0.745578231292517,0.19570037722587585
0.746031746031746,0.2663068473339081
0.7464852607709751,0.31865763664245605
0.746938775510204,0.34000590443611145
0.7473922902494331,0.32214897871017456
0.7478458049886622,0.2659987509250641
0.7482993197278912,0.1787227988243103
0.7487528344671202,0.07547532767057419
0.7492063492063492,-0.028796469792723656
0.7496598639455783,-0.11896593868732452
0.7501133786848072,-0.18737566471099854
0.7505668934240363,-0.23280690610408783
0.7510204081632653,-0.2584993541240692
0.7514739229024944,-0.2721683084964752
0.7519274376417233,-0.2803654074668884
0.7523809523809524,-0.29061341285705566
0.7528344671201814,-0.3052671551704407
0.7532879818594105,-0.3204271197319031
0.7537414965986394,-0.33018001914024353
0.7541950113378685,-0.3242962062358856
0.7546485260770975,-0.29134801030158997
0.7551020408163265,-0.22586098313331604
0.7555555555555555,-0.13093513250350952
0.7560090702947846,-0.014582961797714233
0.7564625850340136,0.10667247325181961
0.7569160997732426,0.21170563995838165
0.7573696145124716,0.28878673911094666
0.7578231292517007,0.3340405225753784
0.7582766439909298,0.3517020344734192
0.7587301587301587,0.350111186504364
0.7591836734693878,0.3428080976009369
0.7596371882086168,0.3470601439476013
0.7600907029478458,0.37263616919517517
0.7605442176870748,0.4200502336025238
0.7609977324263039,0.4824211895465851
0.7614512471655329,0.545988142490387
0.7619047619047619,0.5943263173103333
0.7623582766439909,0.6136173605918884
0.76281179138322,0.596940279006958
0.763265306122449,0.5459952354431152
0.763718820861678,0.4699799418449402
0.764172335600907,0.3790411949157715
0.7646258503401361,0.28335967659950256
0.765079365079365,0.19461096823215485
0.7655328798185941,0.1167108491063118
0.7659863945578231,0.05301521345973015
0.7664399092970522,0.0019290023483335972
0.7668934240362811,-0.04371444135904312
0.7673469387755102,-0.08872096985578537
0.7678004535147392,-0.13921555876731873
0.7682539682539683,-0.19919747114181519
0.7687074829931972,-0.2670931816101074
0.7691609977324263,-0.3391789495944977
0.7696145124716554,-0.4117920398712158
0.7700680272108843,-0.4768149256706238
0.7705215419501134,-0.5246235132217407
0.7709750566893424,-0.5497490763664246
0.7714285714285715,-0.5488005876541138
0.7718820861678004,-0.5227634906768799
0.7723356009070295,-0.48205962777137756
0.7727891156462585,-0.44102051854133606
0.7732426303854876,-0.4134142994880676
0.7736961451247165,-0.40528571605682373
0.7741496598639456,-0.4168935716152191
0.7746031746031746,-0.43927815556526184
0.7750566893424037,-0.45983222126960754
0.7755102040816326,-0.4673706591129303
0.7759637188208617,-0.45104464888572693
0.7764172335600907,-0.408746600151062
0.7768707482993197,-0.3423145115375519
0.7773242630385487,-0.26246505975723267
0.7777777777777778,-0.18416067957878113
0.7782312925170068,-0.11820817738771439
0.7786848072562358,-0.07233797013759613
0.7791383219954648,-0.04679429903626442
0.7795918367346939,-0.033743247389793396
0.780045351473923,-0.024794360622763634
0.7804988662131519,-0.012035742402076721
0.780952380952381,0.007688677404075861
0.78140589569161,0.035026051104068756
0.781859410430839,0.07118170708417892
0.782312925170068,0.11067818850278854
0.7827664399092971,0.14633385837078094
0.7832199546485261,0.17373673617839813
0.7836734693877551,0.192178413271904
0.7841269841269841,0.20449917018413544
0.7845804988662132,0.21497665345668793
0.7850340136054422,0.22670802474021912
0.7854875283446712,0.2408725768327713
0.7859410430839002,0.2549954354763031
0.7863945578231293,0.263518363237381
0.7868480725623582,0.2636371850967407
0.7873015873015873,0.2544362246990204
0.7877551020408163,0.23700229823589325
0.7882086167800454,0.2159155011177063
0.7886621315192743,0.19695289433002472
0.7891156462585034,0.18498079478740692
0.7895691609977324,0.18249689042568207
0.7900226757369615,0.19034601747989655
0.7904761904761904,0.2040552943944931
0.7909297052154195,0.21653997898101807
0.7913832199546486,0.221623495221138
0.7918367346938775,0.21422821283340454
0.7922902494331066,0.19668443500995636
0.7927437641723356,0.17426295578479767
0.7931972789115647,0.14918296039104462
0.7936507936507936,0.12655700743198395
0.7941043083900227,0.11129064857959747
0.7945578231292517,0.1040068045258522
0.7950113378684808,0.10348490625619888
0.7954648526077097,0.10586736351251602
0.7959183673469388,0.10725995898246765
0.7963718820861678,0.10465002804994583
0.7968253968253968,0.09483988583087921
0.7972789115646258,0.07919555902481079
0.7977324263038549,0.06194746494293213
0.7981859410430839,0.04375277832150459
0.7986394557823129,0.027722839266061783
0.7990929705215419,0.016210447996854782
0.799546485260771,0.006403415463864803
0.8,-0.0029684470500797033
0.800453514739229,-0.014079688116908073
0.800907029478458,-0.02737329714000225
0.8013605442176871,-0.04056428372859955
0.8018140589569162,-0.049980539828538895
0.8022675736961451,-0.052590567618608475
0.8027210884353742,-0.04589569941163063
0.8031746031746032,-0.03141888231039047
0.8036281179138322,-0.015081413090229034
0.8040816326530612,-0.0028558422345668077
0.8045351473922903,-0.0016454453580081463
0.8049886621315193,-0.015017330646514893
0.8054421768707483,-0.04324718937277794
0.8058956916099773,-0.07874530553817749
0.8063492063492064,-0.11133109778165817
0.8068027210884354,-0.13051961362361908
0.8072562358276644,-0.12991869449615479
0.8077097505668934,-0.11104228347539902
0.8081632653061225,-0.07814333587884903
0.8086167800453514,-0.04132576286792755
0.8090702947845805,-0.013191286474466324
0.8095238095238095,-0.0021876536775380373
0.8099773242630386,-0.01111575122922659
0.8104308390022675,-0.034617047756910324
0.8108843537414966,-0.06278039515018463
0.8113378684807256,-0.0878002867102623
0.8117913832199547,-0.101010262966156
0.8122448979591836,-0.0983804240822792
0.8126984126984127,-0.08464810252189636
0.8131519274376418,-0.06529515236616135
0.8136054421768707,-0.04638328030705452
0.8140589569160998,-0.032256945967674255
0.8145124716553288,-0.02321784943342209
0.8149659863945579,-0.017618654295802116
0.8154195011337868,-0.013505850918591022
0.8158730158730159,-0.01180950365960598
0.8163265306122449,-0.011642764322459698
0.816780045351474,-0.014653479680418968
0.8172335600907029,-0.02321338653564453
0.817687074829932,-0.03614107146859169
0.818140589569161,-0.05123104900121689
0.81859410430839,-0.06385958194732666
0.819047619047619,-0.06736093014478683
0.8195011337868481,-0.059197962284088135
0.8199546485260771,-0.039995722472667694
0.8204081632653061,-0.012388939969241619
0.8208616780045351,0.014352205209434032
0.8213151927437642,0.030745306983590126
0.8217687074829932,0.03089728020131588
0.8222222222222222,0.01454941276460886
0.8226757369614512,-0.014107657596468925
0.8231292517006803,-0.04701758176088333
0.8235827664399092,-0.07265093177556992
0.8240362811791383,-0.08176612108945847
0.8244897959183674,-0.07304944843053818
0.8249433106575964,-0.04876517131924629
0.8253968253968254,-0.014463631436228752
0.8258503401360544,0.01854494959115982
0.8263038548752835,0.041517484933137894
0.8267573696145125,0.049525074660778046
0.8272108843537415,0.042331576347351074
0.8276643990929705,0.02412719838321209
0.8281179138321996,0.0021570746321231127
0.8285714285714286,-0.015917982906103134
0.8290249433106576,-0.026075968518853188
0.8294784580498866,-0.027396775782108307
0.8299319727891157,-0.019101284444332123
0.8303854875283446,-0.0021556662395596504
0.8308390022675737,0.019660107791423798
0.8312925170068027,0.04278875142335892
0.8317460317460318,0.061516549438238144
0.8321995464852607,0.07150009274482727
0.8326530612244898,0.0706348791718483
0.8331065759637188,0.05773574113845825
0.8335600907029479,0.03481156751513481
0.8340136054421768,0.00795521680265665
0.8344671201814059,-0.015408597886562347
0.834920634920635,-0.031471509486436844
0.8353741496598639,-0.035539403557777405
0.835827664399093,-0.024657033383846283
0.836281179138322,-0.0035478556528687477
0.8367346938775511,0.022029217332601547
0.83718820861678,0.04736478999257088
0.8376417233560091,0.06501153856515884
0.8380952380952381,0.06961631774902344
0.8385487528344672,0.06102974712848663
0.8390022675736961,0.04258977249264717
0.8394557823129252,0.020669247955083847
0.8399092970521542,0.00292064412496984
0.8403628117913832,-0.0042816875502467155
0.8408163265306122,0.0036666500382125378
0.8412698412698413,0.02548988349735737
0.8417233560090703,0.053898461163043976
0.8421768707482993,0.08033036440610886
0.8426303854875283,0.09541482478380203
0.8430839002267574,0.09476732462644577
0.8435374149659864,0.07613252848386765
0.8439909297052154,0.04520592465996742
0.8444444444444444,0.013204378075897694
0.8448979591836735,-0.011776996776461601
0.8453514739229024,-0.02240808494389057
0.8458049886621315,-0.016224617138504982
0.8462585034013606,0.004509462974965572
0.8467120181405896,0.03366130590438843
0.8471655328798186,0.06183253228664398
0.8476190476190476,0.08040780574083328
0.8480725623582767,0.0854443684220314
0.8485260770975057,0.07591843605041504
0.8489795918367347,0.05647900700569153
0.8494331065759637,0.03410205990076065
0.8498866213151928,0.014469753950834274
0.8503401360544217,0.0009449300705455244
0.8507936507936508,-0.00405635591596365
0.8512471655328798,0.00015788465680088848
0.8517006802721089,0.010164841078221798
0.8521541950113378,0.021535705775022507
0.8526077097505669,0.03162113204598427
0.8530612244897959,0.03666611760854721
0.853514739229025,0.036052405834198
0.8539682539682539,0.031365763396024704
0.854421768707483,0.0232271458953619
0.854875283446712,0.015230277553200722
0.8553287981859411,0.007500074803829193
0.85578231292517,-0.0006265477859415114
0.8562358276643991,-0.007704323623329401
0.8566893424036282,-0.012364724650979042
0.8571428571428571,-0.01429618801921606
0.8575963718820862,-0.011823688633739948
0.8580498866213152,-0.005391743034124374
0.8585034013605443,0.003977878950536251
0.8589569160997732,0.013967398554086685
0.8594104308390023,0.02132769115269184
0.8598639455782313,0.02098250575363636
0.8603174603174604,0.008712876588106155
0.8607709750566893,-0.0136147765442729
0.8612244897959184,-0.04030313342809677
0.8616780045351474,-0.06404519081115723
0.8621315192743764,-0.07793277502059937
0.8625850340136054,-0.07464467734098434
0.8630385487528345,-0.05603865534067154
0.8634920634920635,-0.027986763045191765
0.8639455782312925,0.0023158006370067596
0.8643990929705215,0.023465316742658615
0.8648526077097506,0.02641841024160385
0.8653061224489796,0.011168302036821842
0.8657596371882086,-0.017143143340945244
0.8662131519274376,-0.04916177690029144
0.8666666666666667,-0.07277567684650421
0.8671201814058956,-0.08157336711883545
0.8675736961451247,-0.07369327545166016
0.8680272108843538,-0.052909135818481445
0.8684807256235828,-0.02783176302909851
0.8689342403628117,-0.007151186000555754
0.8693877551020408,0.00223412923514843
0.8698412698412699,-0.0017375407041981816
0.8702947845804989,-0.015252895653247833
0.8707482993197279,-0.03386105224490166
0.8712018140589569,-0.05019684135913849
0.871655328798186,-0.05908660218119621
0.8721088435374149,-0.05815300717949867
0.872562358276644,-0.047595251351594925
0.873015873015873,-0.03177274391055107
0.8734693877551021,-0.016215672716498375
0.873922902494331,-0.006103833205997944
0.8743764172335601,-0.003593001514673233
0.8748299319727891,-0.007789100985974073
0.8752834467120182,-0.01518681924790144
0.8757369614512471,-0.022095950320363045
0.8761904761904762,-0.02605939470231533
0.8766439909297052,-0.02617335133254528
0.8770975056689342,-0.02134707383811474
0.8775510204081632,-0.013991531915962696
0.8780045351473923,-0.006533097010105848
0.8784580498866214,8.081794658210129e-05
0.8789115646258503,0.0026058240327984095
0.8793650793650793,0.0004540475201793015
0.8798185941043084,-0.004602782893925905
0.8802721088435375,-0.01126703992486
0.8807256235827664,-0.014216801151633263
0.8811791383219955,-0.012132772244513035
0.8816326530612245,-0.005904905963689089
0.8820861678004536,0.003553764196112752
0.8825396825396825,0.012518740259110928
0.8829931972789116,0.020023668184876442
0.8834467120181406,0.02550228126347065
0.8839002267573696,0.030201807618141174
0.8843537414965986,0.03470323979854584
0.8848072562358277,0.0391167588531971
0.8852607709750567,0.04493818059563637
0.8857142857142857,0.05153961107134819
0.8861678004535147,0.055939823389053345
0.8866213151927438,0.057950105518102646
0.8870748299319728,0.05579276382923126
0.8875283446712018,0.04769666865468025
0.8879818594104308,0.0372287780046463
0.8884353741496599,0.028282485902309418
0.8888888888888888,0.025670742616057396
0.8893424036281179,0.031529176980257034
0.889795918367347,0.04387517273426056
0.890249433106576,0.05950416997075081
0.890702947845805,0.07201138138771057
0.891156462585034,0.07553817331790924
0.8916099773242631,0.07002636790275574
0.8920634920634921,0.055997733026742935
0.8925170068027211,0.037179604172706604
0.8929705215419501,0.020446116104722023
0.8934240362811792,0.012335504405200481
0.8938775510204081,0.014051929116249084
0.8943310657596372,0.024079211056232452
0.8947845804988662,0.040170904248952866
0.8952380952380953,0.054359231144189835
0.8956916099773242,0.06056375801563263
0.8961451247165533,0.055528927594423294
0.8965986394557823,0.04193633794784546
0.8970521541950114,0.02239423617720604
0.8975056689342403,0.0021024905145168304
0.8979591836734694,-0.011797931045293808
0.8984126984126984,-0.017515577375888824
0.8988662131519274,-0.014139077626168728
0.8993197278911564,-0.0036894662771373987
0.8997732426303855,0.0084837032482028
0.9002267573696145,0.019991623237729073
0.9006802721088435,0.028550347313284874
0.9011337868480725,0.03305845335125923
0.9015873015873016,0.03362578898668289
0.9020408163265307,0.028054697439074516
0.9024943310657596,0.01899392530322075
0.9029478458049887,0.006669983733445406
0.9034013605442177,-0.007542869076132774
0.9038548752834467,-0.02195470593869686
0.9043083900226757,-0.032869286835193634
0.9047619047619048,-0.03733834624290466
0.9052154195011338,-0.03614002466201782
0.9056689342403628,-0.028597859665751457
0.9061224489795918,-0.017680959776043892
0.9065759637188209,-0.007665165700018406
0.9070294784580499,-0.0022448094096034765
0.9074829931972789,-0.003571720328181982
0.9079365079365079,-0.012983675114810467
0.908390022675737,-0.02758500538766384
0.908843537414966,-0.043788716197013855
0.909297052154195,-0.05569346249103546
0.909750566893424,-0.05943918600678444
0.9102040816326531,-0.05774692818522453
0.910657596371882,-0.05235693231225014
0.9111111111111111,-0.04435082525014877
0.9115646258503401,-0.03867266699671745
0.9120181405895692,-0.037110988050699234
0.9124716553287981,-0.03831927105784416
0.9129251700680272,-0.04386404901742935
0.9133786848072563,-0.050953853875398636
0.9138321995464853,-0.057085778564214706
0.9142857142857143,-0.06065703183412552
0.9147392290249433,-0.06102175638079643
0.9151927437641724,-0.05995195358991623
0.9156462585034013,-0.0581500381231308
0.9160997732426304,-0.055686015635728836
0.9165532879818594,-0.05295801907777786
0.9170068027210885,-0.04831048101186752
0.9174603174603174,-0.04258975014090538
0.9179138321995465,-0.03687582165002823
0.9183673469387755,-0.02931513451039791
0.9188208616780046,-0.022653207182884216
0.9192743764172335,-0.01888258382678032
0.9197278911564626,-0.01771922968327999
0.9201814058956916,-0.018898341804742813
0.9206349206349206,-0.02294289506971836
0.9210884353741496,-0.027286425232887268
0.9215419501133787,-0.028672918677330017
0.9219954648526077,-0.026424596086144447
0.9224489795918367,-0.020353898406028748
0.9229024943310657,-0.010062790475785732
0.9233560090702948,0.0023021020460873842
0.9238095238095239,0.012079876847565174
0.9242630385487528,0.018302634358406067
0.9247165532879819,0.019855346530675888
0.9251700680272109,0.01568770967423916
0.9256235827664399,0.007232093717902899
0.9260770975056689,-0.0034586184192448854
0.926530612244898,-0.013274308294057846
0.926984126984127,-0.017590627074241638
0.927437641723356,-0.015117867849767208
0.927891156462585,-0.004533315543085337
0.9283446712018141,0.011016462929546833
0.9287981859410431,0.026969078928232193
0.9292517006802721,0.04034310579299927
0.9297052154195011,0.046834785491228104
0.9301587301587302,0.04461202397942543
0.9306122448979591,0.033946119248867035
0.9310657596371882,0.023076053708791733
0.9315192743764172,0.017057184129953384
0.9319727891156463,0.01743321865797043
0.9324263038548752,0.025016741827130318
0.9328798185941043,0.03753703460097313
0.9333333333333333,0.050703708082437515
0.9337868480725624,0.05953867360949516
0.9342403628117913,0.06182851642370224
0.9346938775510204,0.05754266306757927
0.9351473922902495,0.04966287314891815
0.9356009070294785,0.041960254311561584
0.9360544217687075,0.037947721779346466
0.9365079365079365,0.03867302089929581
0.9369614512471656,0.04252999648451805
0.9374149659863945,0.045820195227861404
0.9378684807256236,0.047520507127046585
0.9383219954648526,0.04690778627991676
0.9387755102040817,0.04314975067973137
0.9392290249433106,0.03803344815969467
0.9396825396825397,0.033073145896196365
0.9401360544217687,0.030069870874285698
0.9405895691609978,0.02998020313680172
0.9410430839002267,0.03255261108279228
0.9414965986394558,0.03439875692129135
0.9419501133786848,0.03463970869779587
0.9424036281179138,0.033018551766872406
0.9428571428571428,0.028652671724557877
0.9433106575963719,0.022848015651106834
0.943764172335601,0.017267487943172455
0.9442176870748299,0.014852526597678661
0.944671201814059,0.016290735453367233
0.945124716553288,0.020493458956480026
0.9455782312925171,0.025637079030275345
0.946031746031746,0.029275482520461082
0.9464852607709751,0.029476091265678406
0.9469387755102041,0.026178475469350815
0.9473922902494331,0.01907120645046234
0.9478458049886621,0.009712480008602142
0.9482993197278912,0.002442931057885289
0.9487528344671202,-0.0009941039606928825
0.9492063492063492,-0.0008430955349467695
0.9496598639455782,0.0016634316416457295
0.9501133786848073,0.004442943260073662
0.9505668934240363,0.0050444575026631355
0.9510204081632653,0.00243854196742177
0.9514739229024943,-0.0018422935390844941
0.9519274376417234,-0.00780891627073288
0.9523809523809523,-0.015547312796115875
0.9528344671201814,-0.02180914580821991
0.9532879818594104,-0.02406402863562107
0.9537414965986395,-0.021976426243782043
0.9541950113378684,-0.017259463667869568
0.9546485260770975,-0.01275516115128994
0.9551020408163265,-0.010869339108467102
0.9555555555555556,-0.013717555440962315
0.9560090702947845,-0.021005915477871895
0.9564625850340136,-0.031805478036403656
0.9569160997732427,-0.043536070734262466
0.9573696145124716,-0.051685139536857605
0.9578231292517007,-0.05418790131807327
0.9582766439909297,-0.05015558376908302
0.9587301587301588,-0.041939616203308105
0.9591836734693877,-0.032418377697467804
0.9596371882086168,-0.02390698902308941
0.9600907029478458,-0.0199392382055521
0.9605442176870749,-0.022779783234000206
0.9609977324263038,-0.03163019195199013
0.9614512471655329,-0.04225298389792442
0.9619047619047619,-0.05263610556721687
0.962358276643991,-0.05975516512989998
0.9628117913832199,-0.060479335486888885
0.963265306122449,-0.05589640513062477
0.963718820861678,-0.046199627220630646
0.964172335600907,-0.03329980745911598
0.964625850340136,-0.023046793416142464
0.9650793650793651,-0.018409699201583862
0.9655328798185941,-0.017763929441571236
0.9659863945578231,-0.02028854377567768
0.9664399092970521,-0.025222046300768852
0.9668934240362812,-0.029369520023465157
0.9673469387755103,-0.030561860650777817
0.9678004535147392,-0.029216689988970757
0.9682539682539683,-0.025652961805462837
0.9687074829931973,-0.01869756355881691
0.9691609977324263,-0.011419089511036873
0.9696145124716553,-0.00694319698959589
0.9700680272108844,-0.004550314974039793
0.9705215419501134,-0.004992648959159851
0.9709750566893424,-0.007116969674825668
0.9714285714285714,-0.010857033543288708
0.9718820861678005,-0.015561921522021294
0.9723356009070295,-0.018839873373508453
0.9727891156462585,-0.021270545199513435
0.9732426303854875,-0.023070484399795532
0.9736961451247166,-0.0234014093875885
0.9741496598639455,-0.021117405965924263
0.9746031746031746,-0.016299722716212273
0.9750566893424036,-0.009234399534761906
0.9755102040816327,-0.0006100644823163748
0.9759637188208616,0.00657874159514904
0.9764172335600907,0.011881651356816292
0.9768707482993197,0.015536744147539139
0.9773242630385488,0.01619754545390606
0.9777777777777777,0.014564873650670052
0.9782312925170068,0.011579214595258236
0.9786848072562359,0.008323507383465767
0.9791383219954648,0.006483287084847689
0.9795918367346939,0.00820705946534872
0.9800453514739229,0.012517769820988178
0.980498866213152,0.016717474907636642
0.9809523809523809,0.022466938942670822
0.98140589569161,0.028867119923233986
0.981859410430839,0.03386532887816429
0.9823129251700681,0.037362489849328995
0.982766439909297,0.03861040249466896
0.9832199546485261,0.03767940774559975
0.9836734693877551,0.0356905460357666
0.9841269841269841,0.033324725925922394
0.9845804988662131,0.030910281464457512
0.9850340136054422,0.0283826757222414
0.9854875283446712,0.02838079445064068
0.9859410430839002,0.03106680139899254
0.9863945578231292,0.03352968394756317
0.9868480725623583,0.036836933344602585
0.9873015873015873,0.038470592349767685
0.9877551020408163,0.03801757097244263
0.9882086167800453,0.0361938513815403
0.9886621315192744,0.03347601741552353
0.9891156462585035,0.03078349493443966
0.9895691609977324,0.02782062254846096
0.9900226757369615,0.026291992515325546
0.9904761904761905,0.02597697451710701
0.9909297052154195,0.02627001889050007
0.9913832199546485,0.027107559144496918
0.9918367346938776,0.02830198034644127
0.9922902494331066,0.028750915080308914
0.9927437641723356,0.02873183973133564
0.9931972789115646,0.02853824570775032
0.9936507936507937,0.02679992839694023
0.9941043083900227,0.023529311642050743
0.9945578231292517,0.019667983055114746
0.9950113378684807,0.015215539373457432
0.9954648526077098,0.010792494751513004
0.9959183673469387,0.006528936792165041
0.9963718820861678,0.0032430083956569433
0.9968253968253968,0.0009372965432703495
0.9972789115646259,-0.0013365763006731868
0.9977324263038548,-0.0021368968300521374
0.9981859410430839,-0.0017814760794863105
0.998639455782313,-0.0016563220415264368
0.999092970521542,-0.0026237762067466974
0.999546485260771,-0.0034881180617958307