date,EBAY,NVDA,YHOO,AAPL
2010-01-04,23.9,18.49,17.1,214.009998
2010-01-05,23.65,18.76,17.23,214.379993
2010-01-06,23.5,18.879999,17.17,210.969995
2010-01-07,23.229998,18.51,16.700001,210.58
2010-01-08,23.509999,18.549999,16.700001,211.980005
2010-01-11,23.45,18.290001,16.74,210.110003
2010-01-12,23.19,17.67,16.68,207.720001
2010-01-13,23.6,17.91,16.9,210.650002
2010-01-14,22.88,17.629998999999994,17.120001000000002,209.43
2010-01-15,22.469998,17.110001,16.82,205.93
2010-01-19,23.259999,17.43,16.75,215.039995
2010-01-20,22.23,17.360001,16.379998999999998,211.73
2010-01-21,24.129998,17.049999,16.200001,208.069996
2010-01-22,23.579998,16.459999,15.88,197.75
2010-01-25,23.69,16.74,15.86,203.070002
2010-01-26,24.069999,16.209999,15.99,205.940001
2010-01-27,23.969999,16.65,15.98,207.880005
2010-01-28,23.329998,16.09,15.44,199.289995
2010-01-29,23.019999,15.39,15.01,192.060003
2010-02-01,23.169999,16.57,15.05,194.729998
2010-02-02,23.079998,16.74,15.17,195.859997
2010-02-03,23.229998,16.879998999999998,15.46,199.229994
2010-02-04,22.449999,15.9,15.01,192.050003
2010-02-05,22.709999,16.219998999999998,15.19,195.460001
2010-02-08,22.49,16.190001000000002,14.99,194.119997
2010-02-09,22.369998,16.059998999999998,15.07,196.190004
2010-02-10,21.959999,16.370001000000002,14.8,195.120007
2010-02-11,22.13,17.120001000000002,15.22,198.669994
2010-02-12,21.769998,17.35,15.17,200.379993
2010-02-16,22.519998,17.67,15.41,203.399996
2010-02-17,22.68,17.84,15.44,202.550003
2010-02-18,22.84,16.67,15.54,202.929998
2010-02-19,23.419999,16.58,15.58,201.669996
2010-02-22,23.279998000000006,16.610001,15.49,200.419994
2010-02-23,22.89,16.209999,15.38,197.059998
2010-02-24,23.259999,16.549999,15.59,200.66
2010-02-25,23.0,16.4,15.24,202.000004
2010-02-26,23.019999,16.200001,15.31,204.619997
2010-03-01,23.879998,16.85,15.79,208.990004
2010-03-02,23.99,16.84,15.73,208.85
2010-03-03,23.509999,16.629998999999998,15.57,209.329998
2010-03-04,23.779998000000006,16.66,15.81,210.710003
2010-03-05,24.629999,17.17,16.059998999999998,218.950005
2010-03-08,24.839998,16.92,16.52,219.079994
2010-03-09,25.51,17.549999,16.530001000000002,223.020004
2010-03-10,25.56,17.59,16.790001,224.839993
2010-03-11,25.439998000000006,17.190001000000002,16.530001000000002,225.500008
2010-03-12,25.969999,17.25,16.32,226.600006
2010-03-15,26.279999,17.16,16.459999,223.839996
2010-03-16,26.789999,17.76,16.360001,224.449997
2010-03-17,26.979999,18.1,16.5,224.120003
2010-03-18,27.46,17.459999,16.559998999999998,224.650002
2010-03-19,27.189999,17.25,16.440001000000002,222.25
2010-03-22,27.07,17.530001000000002,16.34,224.750004
2010-03-23,27.049998,17.889999,16.030001000000002,228.359993
2010-03-24,26.939999,17.290001,16.09,229.370003
2010-03-25,27.559998,17.34,16.32,226.649994
2010-03-26,27.449998,17.34,16.540001,230.899998
2010-03-29,27.279999,17.559998999999998,16.559998999999998,232.389992
2010-03-30,27.139999,17.629998999999994,16.610001,235.849991
2010-03-31,26.97,17.4,16.530001000000002,235.000011
2010-04-01,26.57,17.219998999999998,16.290001,235.969994
2010-04-05,27.37,17.48,16.51,238.489998
2010-04-06,27.27,17.049999,16.92,239.540009
2010-04-07,26.849998,17.16,16.870001000000002,240.600006
2010-04-08,26.46,16.879998999999998,17.35,239.950005
2010-04-09,26.549998,16.99,17.52,241.789993
2010-04-12,26.629999,17.299999,17.639999,242.290005
2010-04-13,26.639999,17.66,18.18,242.430008
2010-04-14,27.039999,17.879998999999994,18.379999,245.690002
2010-04-15,26.979999,18.01,18.969999,248.92001
2010-04-16,26.329999,17.059998999999998,18.17,247.400002
2010-04-19,26.32,16.98,18.389999,247.070007
2010-04-20,26.399998,17.040001,18.379999,244.590004
2010-04-21,26.289999,16.6,17.450001,259.220005
2010-04-22,24.779999,16.67,17.719998999999994,266.46999700000003
2010-04-23,24.55,16.440001000000002,17.639999,270.82999
2010-04-26,24.559999,16.6,17.389999,269.5
2010-04-27,23.769999,16.129998999999998,16.92,262.039989
2010-04-28,23.99,16.16,16.75,261.600006
2010-04-29,24.24,16.65,16.969998999999998,268.640007
2010-04-30,23.779998000000006,15.71,16.530001000000002,261.090008
2010-05-03,23.909999,15.54,16.950001,266.34999500000004
2010-05-04,23.079998,14.75,16.32,258.679993
2010-05-05,22.659999,14.5,16.49,255.989998
2010-05-06,22.269998,14.2,15.92,246.249989
2010-05-07,21.48,13.96,15.29,235.860004
2010-05-10,22.33,14.56,16.33,253.990005
2010-05-11,22.38,14.4,16.41,256.51999700000005
2010-05-12,22.509999,14.68,16.469998999999998,262.090004
2010-05-13,22.68,14.65,16.139999,258.360012
2010-05-14,22.249999,12.96,16.389999,253.819988
2010-05-17,22.509999,12.99,16.27,254.219997
2010-05-18,22.169998,12.56,16.030001000000002,252.360008
2010-05-19,21.64,12.76,15.79,248.339996
2010-05-20,20.809998,12.46,15.1,237.75999500000003
2010-05-21,21.42,12.73,15.48,242.319992
2010-05-24,21.359999,12.36,15.54,246.759987
2010-05-25,21.59,12.69,15.31,245.220005
2010-05-26,21.38,12.75,15.45,244.109993
2010-05-27,21.909999,13.5,15.69,253.349991
2010-05-28,21.409999,13.14,15.34,256.880005
2010-06-01,20.959999,12.58,15.02,260.830002
2010-06-02,21.249999,12.72,15.18,263.949993
2010-06-03,22.18,12.7,15.43,263.11998700000004
2010-06-04,21.99,12.1,15.0,255.960011
2010-06-07,21.549999,11.5,14.94,250.940002
2010-06-08,21.69,11.18,14.79,249.330006
2010-06-09,21.78,10.91,14.69,243.200012
2010-06-10,22.28,11.35,15.1,250.510006
2010-06-11,22.649999,11.61,15.29,253.50999500000003
2010-06-14,22.209999,11.36,15.17,254.27999900000003
2010-06-15,22.39,11.92,15.65,259.690002
2010-06-16,22.13,11.77,15.49,267.249989
2010-06-17,22.099999,12.22,15.6,271.86998700000004
2010-06-18,22.159999,12.3,15.54,274.070011
2010-06-21,21.869998,12.01,15.21,270.170002
2010-06-22,21.559999,11.56,15.09,273.850006
2010-06-23,21.34,11.69,15.23,270.969994
2010-06-24,20.859998,11.11,14.83,268.999989
2010-06-25,20.949999,11.08,14.81,266.699989
2010-06-28,20.709998,11.1,14.73,268.299999
2010-06-29,19.689999,10.48,14.04,256.170002
2010-06-30,19.61,10.21,13.84,251.530003
2010-07-01,19.639999,10.38,14.09,248.48
2010-07-02,19.26,10.25,14.07,246.939991
2010-07-06,19.349999,10.14,14.13,248.62999
2010-07-07,19.81,10.63,14.4,258.670006
2010-07-08,19.889999,10.31,14.6,258.089993
2010-07-09,20.289999,10.35,14.89,259.61998700000004
2010-07-12,20.22,10.54,14.94,257.290001
2010-07-13,21.009999,10.92,15.52,251.799995
2010-07-14,21.109999,11.03,15.37,252.730003
2010-07-15,21.03,10.72,15.37,251.450001
2010-07-16,20.089999,10.05,14.9,249.900005
2010-07-19,20.399999,10.46,15.1,245.580013
2010-07-20,20.789999,10.72,15.2,251.890011
2010-07-21,20.17,10.37,13.91,254.239998
2010-07-22,20.939999,10.54,13.88,259.02
2010-07-23,21.089999,10.36,13.99,259.939995
2010-07-26,21.139999,10.55,14.15,259.280006
2010-07-27,21.039999,10.46,13.95,264.080009
2010-07-28,21.039999,10.13,13.87,260.959991
2010-07-29,20.77,9.13,13.76,258.10999300000003
2010-07-30,20.909998,9.19,13.88,257.25
2010-08-02,21.459999,9.18,14.0,261.849998
2010-08-03,20.97,8.94,13.94,261.93
2010-08-04,21.099999,9.32,14.18,262.980011
2010-08-05,21.07,9.44,14.16,261.700008
2010-08-06,21.449999,9.55,14.34,260.090012
2010-08-09,21.98,9.64,14.4,261.749996
2010-08-10,21.909999,9.24,14.35,259.409996
2010-08-11,21.249999,8.88,13.87,250.18999900000003
2010-08-12,21.59,8.96,13.85,251.790009
2010-08-13,21.499999,9.39,13.83,249.099987
2010-08-16,22.049999,9.15,13.79,247.640007
2010-08-17,22.349999,9.27,13.94,251.970013
2010-08-18,22.74,9.32,13.99,253.070011
2010-08-19,23.129998,9.88,13.85,249.880005
2010-08-20,23.369999,9.97,13.79,249.639999
2010-08-23,23.269999,9.82,13.65,245.799992
2010-08-24,22.869999,9.72,13.4,239.930004
2010-08-25,23.159999,9.92,13.26,242.889992
2010-08-26,22.73,9.8,13.21,240.27999900000003
2010-08-27,23.179998,10.12,13.43,241.620003
2010-08-30,23.129998,9.64,13.18,242.499996
2010-08-31,23.229998,9.33,13.11,243.10001
2010-09-01,24.029998000000006,9.4,13.37,250.330002
2010-09-02,24.059999,9.57,13.51,252.169991
2010-09-03,24.129998,9.9,13.62,258.770008
2010-09-07,23.529998000000006,9.99,13.53,257.810013
2010-09-08,24.569999,10.32,13.75,262.92001
2010-09-09,24.3,10.18,13.65,263.07
2010-09-10,24.1,10.07,13.68,263.410007
2010-09-13,24.3,10.64,13.73,267.039997
2010-09-14,24.25,10.54,13.63,268.059994
2010-09-15,24.19,10.56,14.27,270.21999
2010-09-16,23.9,10.57,14.19,276.569988
2010-09-17,24.219999,10.55,13.89,275.36998700000004
2010-09-20,24.65,10.71,13.86,283.230007
2010-09-21,24.739998,11.29,14.18,283.769993
2010-09-22,24.34,11.39,14.04,287.750004
2010-09-23,24.25,11.62,14.17,288.9199910000001
2010-09-24,24.739998,12.26,14.5,292.319988
2010-09-27,24.769999,12.0,14.28,291.159988
2010-09-28,24.869999,11.97,14.39,286.859997
2010-09-29,24.989998,11.88,14.34,287.369995
2010-09-30,24.4,11.68,14.17,283.749992
2010-10-01,24.459999,11.35,14.27,282.5200040000001
2010-10-04,24.079998,11.24,14.28,278.639996
2010-10-05,24.589998,11.32,14.61,288.939991
2010-10-06,24.45,10.78,14.52,289.1900100000001
2010-10-07,24.75,10.7,14.23,289.2199970000001
2010-10-08,24.61,10.86,14.49,294.069988
2010-10-11,24.29,10.81,14.41,295.360004
2010-10-12,24.45,11.02,14.43,298.539997
2010-10-13,24.869999,11.34,15.25,300.140007
2010-10-14,25.279999,11.16,15.93,302.30999
2010-10-15,25.679999,11.29,16.25,314.739994
2010-10-18,25.719999,11.36,15.93,317.999989
2010-10-19,25.529999,11.29,15.49,309.489994
2010-10-20,25.66,11.29,15.8,310.529991
2010-10-21,27.199998,11.09,15.97,309.520008
2010-10-22,28.07,11.8,16.309998999999998,307.470001
2010-10-25,27.93,11.91,16.4,308.839993
2010-10-26,28.749999,11.87,16.459999,308.049988
2010-10-27,29.28,12.04,16.42,307.830009
2010-10-28,29.719998,12.05,16.4,305.23999
2010-10-29,29.859999,12.02,16.49,300.98
2010-11-01,29.359999,12.04,16.15,304.179993
2010-11-02,30.069998,12.29,16.190001000000002,309.360004
2010-11-03,30.109999,12.38,16.17,312.800003
2010-11-04,30.149999,12.4,16.200001,318.270008
2010-11-05,30.869999,12.61,16.27,317.130009
2010-11-08,30.84,12.66,16.440001000000002,318.620003
2010-11-09,30.529998,12.59,16.969998999999998,316.079998
2010-11-10,30.929998,12.74,16.940001000000002,318.030003
2010-11-11,30.79,12.61,16.799999,316.649998
2010-11-12,30.14,13.26,16.549999,308.029987
2010-11-15,30.059999,13.1,16.6,307.040005
2010-11-16,29.769998,12.71,16.24,301.59
2010-11-17,30.14,12.92,16.15,300.499989
2010-11-18,30.569998,13.32,16.99,308.429996
2010-11-19,30.299999,13.75,16.57,306.730011
2010-11-22,30.64,13.76,16.559998999999998,313.3599890000001
2010-11-23,30.18,13.44,16.190001000000002,308.7300029999999
2010-11-24,31.209999,13.77,16.41,314.799995
2010-11-26,31.149999,13.6,16.219998999999998,315.0
2010-11-29,30.23,13.75,16.379998999999998,316.870003
2010-11-30,29.139999,13.61,15.82,311.150005
2010-12-01,29.259999,14.21,16.15,316.400005
2010-12-02,29.909999,14.38,16.33,318.150005
2010-12-03,29.609999,14.79,16.35,317.440002
2010-12-06,29.489999,14.51,16.33,320.149998
2010-12-07,29.999999,14.98,16.940001000000002,318.210007
2010-12-08,30.149999,15.11,17.02,321.009991
2010-12-09,30.349999,14.86,16.950001,319.760002
2010-12-10,30.69,14.95,17.01,320.559994
2010-12-13,30.28,14.57,16.700001,321.670006
2010-12-14,30.749999,14.59,16.629998999999998,320.290001
2010-12-15,30.19,14.27,16.450001,320.3599890000001
2010-12-16,30.529998,14.29,16.51,321.249996
2010-12-17,29.819998,14.37,16.379998999999998,320.610008
2010-12-20,29.58,14.31,16.280001000000002,322.209991
2010-12-21,28.649999,14.87,16.6,324.199997
2010-12-22,28.57,15.03,16.629998999999998,325.159992
2010-12-23,28.32,14.92,16.719998999999998,323.60001
2010-12-27,28.309998,15.0,16.48,324.680008
2010-12-28,28.349999,14.94,16.43,325.470013
2010-12-29,28.359998,14.94,16.610001,325.290009
2010-12-30,28.13,14.99,16.76,323.660011
2010-12-31,27.829999,15.4,16.629998999999998,322.560013
2011-01-03,28.68,15.82,16.75,329.57
2011-01-04,28.47,15.77,16.59,331.290012
2011-01-05,28.73,16.98,16.91,334.000008
2011-01-06,28.42,19.33,17.059998999999998,333.729988
2011-01-07,27.699999,19.870001,16.9,336.120003
2011-01-10,28.259998,20.629999,16.6,342.450001
2011-01-11,28.359998,20.309999,16.58,341.639996
2011-01-12,28.83,23.35,16.65,344.420006
2011-01-13,28.709998,23.389999,16.75,345.680008
2011-01-14,29.18,23.59,16.809998999999998,348.479992
2011-01-18,29.449999,23.040001,16.5,340.650013
2011-01-19,29.099999,22.41,16.309998999999998,338.840012
2011-01-20,30.779998,22.43,16.23,332.680004
2011-01-21,30.019998,22.219999,15.97,326.720001
2011-01-24,30.509999,24.73,16.09,337.449993
2011-01-25,30.909999,23.969999,16.02,341.39999
2011-01-26,31.059999,24.540001,15.57,343.850006
2011-01-27,30.959999,24.469999,16.200001,343.209991
2011-01-28,30.309999,23.76,15.83,336.100002
2011-01-31,30.359999,23.92,16.120001000000002,339.319996
2011-02-01,31.64,24.469999,16.379998999999998,345.030006
2011-02-02,31.879998,25.58,16.57,344.320004
2011-02-03,32.05,25.1,16.690001000000002,343.4400100000001
2011-02-04,32.209999,25.67,16.790001,346.5
2011-02-07,32.239998,24.6,16.799999,351.87999
2011-02-08,32.639998,23.870001,16.6,355.200012
2011-02-09,31.95,23.290001,16.43,358.16
2011-02-10,34.489999,22.82,16.620001000000002,354.539997
2011-02-11,34.51,23.469999,16.85,356.85001
2011-02-14,33.86,23.110001,16.889999,359.179996
2011-02-15,34.46,22.549999,17.200001,359.900013
2011-02-16,34.46,23.379999,17.76,363.129993
2011-02-17,34.689999,25.68,17.77,358.300003
2011-02-18,34.529999,25.629999,17.66,350.560013
2011-02-22,33.649998,23.209999,16.91,338.6099930000001
2011-02-23,32.85,22.110001,16.58,342.619991
2011-02-24,33.089998,22.65,16.370001000000002,342.879997
2011-02-25,33.629999,23.120001,16.5,348.160011
2011-02-28,33.51,22.66,16.4,353.210007
2011-03-01,32.289998,21.65,16.1,349.309998
2011-03-02,32.679999,20.75,16.629998999999998,352.119995
2011-03-03,32.929999,20.870001,16.860001,359.560005
2011-03-04,32.009999,20.76,17.08,359.999989
2011-03-07,31.5,20.469999,16.700001,355.3599890000001
2011-03-08,31.669999,19.549999,16.940001000000002,355.759998
2011-03-09,31.329998,19.139999,17.65,352.46999
2011-03-10,31.079998,17.92,17.059998999999998,346.6699910000001
2011-03-11,30.919999,18.049999,17.42,351.990005
2011-03-14,30.769998,18.200001,17.309998999999998,353.560001
2011-03-15,30.44,17.66,16.33,345.4299890000001
2011-03-16,29.73,17.530001000000002,15.91,330.01001
2011-03-17,29.949999,17.860001,15.86,334.639996
2011-03-18,30.469998,17.620001000000006,16.030001000000002,330.669998
2011-03-21,30.579998,17.76,16.290001,339.299995
2011-03-22,30.219998,17.450001,16.360001,341.200012
2011-03-23,30.669998,17.809998999999994,16.129998999999998,339.190006
2011-03-24,31.759999,19.23,16.83,344.970005
2011-03-25,31.7,18.629999,16.959999,351.540009
2011-03-28,30.34,19.32,16.58,350.4400100000001
2011-03-29,31.079998,19.17,16.75,350.959995
2011-03-30,31.629998,18.450001,16.74,348.630009
2011-03-31,31.04,18.459999,16.68,348.5100060000001
2011-04-01,31.359999,18.200001,16.84,344.560009
2011-04-04,31.39,17.549999,16.870001000000002,341.189999
2011-04-05,31.84,17.58,17.110001,338.8899990000001
2011-04-06,31.85,17.459999,17.049999,338.0399930000001
2011-04-07,31.529998,18.1,17.0,338.079994
2011-04-08,31.14,17.549999,16.77,335.060005
2011-04-11,31.19,17.32,16.59,330.799988
2011-04-12,30.699999,17.370001000000002,16.360001,332.399998
2011-04-13,30.669998,17.76,16.639999,336.12999
2011-04-14,30.849999,18.51,16.690001000000002,332.419998
2011-04-15,31.609999,18.709999,16.620001000000002,327.459991
2011-04-18,31.149999,18.09,16.35,331.849998
2011-04-19,31.149999,18.02,16.120001000000002,337.8599890000001
2011-04-20,31.759999,18.57,16.870001000000002,342.41
2011-04-21,31.95,18.52,16.85,350.699989
2011-04-25,32.96,18.809999,17.110001,353.010002
2011-04-26,33.079999,19.299999,17.280001000000002,350.42001
2011-04-27,34.029999,19.299999,17.26,350.14999
2011-04-28,33.999998,19.51,17.51,346.749992
2011-04-29,34.389999,20.0,17.700001,350.12999
2011-05-02,33.639998,19.73,18.139999,346.2799950000001
2011-05-03,33.539998,18.790001,17.92,348.200012
2011-05-04,33.01,18.65,18.200001,349.570004
2011-05-05,32.679999,18.66,18.43,346.749992
2011-05-06,32.719999,19.32,18.65,346.660004
2011-05-09,33.119999,19.75,18.559999,347.599998
2011-05-10,33.929999,19.780001,18.549999,349.450001
2011-05-11,33.31,19.870001,17.200001,347.2300029999999
2011-05-12,33.579999,20.5,17.17,346.569988
2011-05-13,33.569999,18.26,16.549999,340.499996
2011-05-16,32.369999,17.700001,15.81,333.299992
2011-05-17,32.65,17.629998999999994,16.0,336.140003
2011-05-18,32.879999,18.040001,15.96,339.869995
2011-05-19,32.9,17.780001000000006,16.35,340.53001
2011-05-20,32.479997999999995,18.09,16.299999,335.220009
2011-05-23,31.629998,18.07,16.059998999999998,334.39999
2011-05-24,30.819998,18.139999,16.139999,332.190006
2011-05-25,30.699999,18.360001,16.15,336.779991
2011-05-26,30.659999,18.82,15.98,335.000004
2011-05-27,30.679998,19.5,16.02,337.409992
2011-05-31,31.169999,20.040001,16.549999,347.82999
2011-06-01,30.64,19.139999,15.85,345.509991
2011-06-02,31.279998,19.049999,16.02,346.099991
2011-06-03,30.299999,18.459999,15.68,343.4400100000001
2011-06-06,29.559999,18.07,15.45,338.0399930000001
2011-06-07,29.919998,18.059999,15.45,332.039989
2011-06-08,30.569998,17.57,15.1,332.239994
2011-06-09,30.659999,17.370001000000002,15.22,331.48999
2011-06-10,29.959999,17.120001000000002,15.2,325.900009
2011-06-13,29.859999,17.0,15.16,326.599998
2011-06-14,29.759999,17.139999,15.2,332.439999
2011-06-15,28.659998,16.77,14.81,326.749989
2011-06-16,28.47,16.190001000000002,14.78,325.159992
2011-06-17,28.83,15.81,14.7,320.259987
2011-06-20,28.82,15.62,14.99,315.320007
2011-06-21,29.78,15.96,15.35,325.299995
2011-06-22,29.349999,15.74,15.23,322.6100009999999
2011-06-23,29.249999,16.209999,15.08,331.230011
2011-06-24,28.349999,15.74,14.89,326.350006
2011-06-27,28.709998,15.41,14.88,332.039989
2011-06-28,28.959998,15.5,14.95,335.26001
2011-06-29,30.859999,15.74,14.89,334.040009
2011-06-30,32.269999,15.94,15.04,335.670006
2011-07-01,32.739998,16.15,15.45,343.2600060000001
2011-07-05,32.639998,15.88,15.49,349.43
2011-07-06,32.919999,15.67,15.72,351.759987
2011-07-07,33.329999,15.73,15.81,357.200005
2011-07-08,33.419999,15.43,15.61,359.709995
2011-07-11,32.91,14.89,15.05,354.000011
2011-07-12,32.259999,14.69,14.86,353.749992
2011-07-13,32.379998,14.66,14.91,358.0199970000001
2011-07-14,32.189998,14.08,14.63,357.7700040000001
2011-07-15,32.809999,14.1,14.69,364.919994
2011-07-18,32.7,13.8,14.42,373.800011
2011-07-19,33.76,14.22,14.59,376.849987
2011-07-20,33.169999,14.04,13.48,386.89999
2011-07-21,33.439998,14.7,13.59,387.290012
2011-07-22,33.499998,15.0,13.98,393.300003
2011-07-25,33.799997999999995,14.76,13.69,398.499989
2011-07-26,34.419999,14.4,13.94,403.410007
2011-07-27,33.36,13.86,13.59,392.59
2011-07-28,33.35,13.83,13.5,391.819996
2011-07-29,32.75,13.83,13.1,390.479992
2011-08-01,33.019999,14.57,13.1,396.749989
2011-08-02,31.75,14.42,12.76,388.909996
2011-08-03,32.25,14.81,13.02,392.57
2011-08-04,30.04,13.4,12.0,377.369999
2011-08-05,29.299999,12.95,11.74,373.620007
2011-08-08,26.949998,11.93,11.09,353.210007
2011-08-09,30.159999,12.93,12.09,374.010002
2011-08-10,29.149999,12.34,11.77,363.690006
2011-08-11,30.199999,13.41,12.86,373.700008
2011-08-12,30.529998,12.88,13.59,376.98999
2011-08-15,30.89,13.37,13.47,383.410004
2011-08-16,30.359999,12.99,13.48,380.480003
2011-08-17,30.249999,12.81,13.47,380.440002
2011-08-18,27.939999,11.94,12.96,366.050007
2011-08-19,27.16,11.73,12.92,356.029991
2011-08-22,27.36,11.94,12.84,356.4399870000001
2011-08-23,28.92,13.23,13.35,373.600006
2011-08-24,29.049999,13.04,13.15,376.180012
2011-08-25,28.33,12.48,12.87,373.720009
2011-08-26,29.459999,13.01,12.74,383.579994
2011-08-29,30.49,13.36,13.68,389.969994
2011-08-30,30.949999,13.68,13.84,389.989994
2011-08-31,30.869999,13.31,13.61,384.830009
2011-09-01,30.39,13.28,13.35,381.030003
2011-09-02,29.409999,12.92,12.87,374.050003
2011-09-06,29.269998,13.18,12.91,379.740013
2011-09-07,29.749999,14.25,13.61,383.929989
2011-09-08,30.509999,14.18,14.44,384.140007
2011-09-09,28.459998,13.88,14.48,377.479988
2011-09-12,29.419998,14.21,14.26,379.939991
2011-09-13,29.399999,14.53,14.26,384.619991
2011-09-14,30.14,15.28,14.55,389.299992
2011-09-15,32.039998,15.5,14.89,392.959995
2011-09-16,33.689998,15.46,14.97,400.500008
2011-09-19,33.1,15.14,14.61,411.630009
2011-09-20,32.729999,14.75,14.36,413.449997
2011-09-21,32.239998,14.47,13.96,412.140007
2011-09-22,31.669999,13.51,13.99,401.820011
2011-09-23,32.079998,13.79,14.71,404.299988
2011-09-26,32.55,13.82,14.75,403.170002
2011-09-27,32.519999,13.84,14.54,399.260006
2011-09-28,31.64,13.42,14.19,397.009995
2011-09-29,30.669998,13.09,13.42,390.570007
2011-09-30,29.489999,12.51,13.17,381.319996
2011-10-03,28.109998,11.81,13.53,374.600002
2011-10-04,29.349999,12.9,14.46,372.500008
2011-10-05,30.529998,13.36,15.92,378.249992
2011-10-06,31.44,13.89,15.65,377.369999
2011-10-07,31.069999,14.15,15.47,369.799999
2011-10-10,32.3,14.78,15.84,388.809994
2011-10-11,32.829999,14.62,15.86,400.289989
2011-10-12,32.75,14.61,15.77,402.190006
2011-10-13,32.739998,15.46,15.93,408.429989
2011-10-14,33.689998,15.72,15.91,421.999992
2011-10-17,33.219999,14.94,15.7,419.990013
2011-10-18,33.869999,15.48,15.47,422.23999800000007
2011-10-19,33.179999,15.17,15.94,398.619991
2011-10-20,32.15,14.41,16.18,395.310009
2011-10-21,32.119999,14.48,16.120001000000002,392.870007
2011-10-24,32.369999,15.02,16.709999,405.770008
2011-10-25,31.669999,14.45,16.24,397.770012
2011-10-26,31.079998,14.62,16.299999,400.60001
2011-10-27,32.289998,15.25,16.629998999999998,404.69001
2011-10-28,33.25,15.6,16.559998999999998,404.949989
2011-10-31,31.829998,14.8,15.64,404.779999
2011-11-01,30.89,14.06,14.93,396.51001
2011-11-02,31.779998,13.82,15.1,397.410004
2011-11-03,33.05,14.65,15.48,403.07
2011-11-04,32.709999,14.82,15.24,400.240002
2011-11-07,32.469999,14.74,15.69,399.730003
2011-11-08,32.919999,15.08,15.97,406.229992
2011-11-09,31.179998,14.32,15.92,395.279995
2011-11-10,30.749999,14.47,15.95,385.220005
2011-11-11,31.759999,14.98,16.27,384.619991
2011-11-14,31.409999,14.69,16.0,379.260002
2011-11-15,31.45,14.88,15.93,388.829994
2011-11-16,30.54,14.58,15.72,384.770008
2011-11-17,29.649999,14.06,15.34,377.41
2011-11-18,29.809999,13.93,15.38,374.94001
2011-11-21,28.749999,14.63,14.99,369.009995
2011-11-22,29.039999,15.08,14.97,376.510006
2011-11-23,28.549999,14.44,14.94,366.990002
2011-11-25,28.23,14.04,15.1,363.570004
2011-11-28,29.659999,14.83,15.35,376.12001
2011-11-29,28.749999,14.91,15.7,373.199997
2011-11-30,29.59,15.63,15.71,382.199989
2011-12-01,29.68,15.82,16.23,387.93
2011-12-02,29.599999,15.72,16.049999,389.700001
2011-12-05,30.699999,15.48,15.89,393.01001
2011-12-06,30.899999,15.26,15.84,390.949989
2011-12-07,30.94,15.17,15.62,389.09
2011-12-08,31.029998,14.69,15.61,390.659996
2011-12-09,31.64,14.9,15.94,393.62001
2011-12-12,31.129998,14.53,15.47,391.839996
2011-12-13,30.84,14.13,15.42,388.809994
2011-12-14,30.269998,13.58,15.02,380.19001
2011-12-15,29.599999,13.46,15.16,378.939995
2011-12-16,30.399999,13.51,14.96,381.019989
2011-12-19,29.769998,13.16,14.62,382.210003
2011-12-20,30.629998,13.9,15.11,395.949997
2011-12-21,30.34,13.72,15.99,396.450008
2011-12-22,30.609999,14.31,16.0,398.550003
2011-12-23,30.84,14.17,16.190001000000002,403.330006
2011-12-27,30.919999,14.06,16.09,406.529999
2011-12-28,30.409999,13.71,15.78,402.640003
2011-12-29,30.359999,13.97,16.129998999999998,405.120007
2011-12-30,30.33,13.86,16.129998999999998,405.000004
2012-01-03,31.34,14.04,16.290001,411.23
2012-01-04,30.159999,14.2,15.78,413.44001
2012-01-05,30.709999,14.71,15.64,418.029995
2012-01-06,30.629998,14.54,15.52,422.400002
2012-01-09,30.509999,14.54,15.46,421.73
2012-01-10,31.2,14.48,15.51,423.239994
2012-01-11,31.519999,14.19,15.53,422.549992
2012-01-12,31.579998,14.1,15.66,421.389992
2012-01-13,30.619998,13.73,15.48,419.810009
2012-01-17,30.529998,13.52,15.43,424.700001
2012-01-18,30.34,13.98,15.92,429.110008
2012-01-19,31.509999,14.35,16.120001000000002,427.750004
2012-01-20,31.929998,14.22,15.96,420.30000700000005
2012-01-23,31.989998,14.61,15.68,427.409996
2012-01-24,31.95,14.94,15.69,420.409996
2012-01-25,31.939998,14.85,15.56,446.659996
2012-01-26,31.709999,14.71,15.53,444.62999
2012-01-27,31.85,14.91,15.74,447.28001
2012-01-30,31.579998,14.8,15.55,453.009995
2012-01-31,31.6,14.77,15.47,456.47998
2012-02-01,32.2,14.93,15.73,456.189987
2012-02-02,32.7,15.49,15.72,455.12000300000005
2012-02-03,32.95,15.82,15.92,459.68
2012-02-06,32.639998,15.7,15.82,463.969978
2012-02-07,32.869999,15.74,15.83,468.830009
2012-02-08,33.05,16.309998999999998,15.78,476.680016
2012-02-09,33.26,16.299999,16.0,493.170006
2012-02-10,33.029999,15.9,16.139999,493.419998
2012-02-13,33.16,16.15,16.120001000000002,502.600021
2012-02-14,32.96,16.24,15.37,509.459991
2012-02-15,33.31,16.17,15.12,497.669975
2012-02-16,34.51,16.450001,15.36,502.209999
2012-02-17,35.059998,15.85,15.01,502.12001
2012-02-21,35.139999,15.93,14.75,514.850021
2012-02-22,34.67,15.82,14.5,513.039993
2012-02-23,36.02,15.91,14.78,516.3899769999998
2012-02-24,36.359998,15.79,14.89,522.4099809999999
2012-02-27,36.559998,15.47,14.86,525.760017
2012-02-28,36.619998,15.33,14.9,535.410011
2012-02-29,35.739999,15.15,14.83,542.440025
2012-03-01,36.37,15.25,14.93,544.4699780000002
2012-03-02,36.249999,15.38,14.72,545.180008
2012-03-05,35.72,14.86,14.62,533.1600269999999
2012-03-06,35.109998,14.72,14.42,530.259987
2012-03-07,35.589999,14.81,14.62,530.6900099999998
2012-03-08,35.779999,14.86,14.62,541.989975
2012-03-09,36.249999,14.82,14.63,545.170021
2012-03-12,36.18,14.59,14.49,551.999977
2012-03-13,37.33,14.79,14.55,568.099998
2012-03-14,37.619998,14.37,14.63,589.580009
2012-03-15,36.83,14.58,14.89,585.5599980000002
2012-03-16,37.689999,14.6,15.18,585.569984
2012-03-19,37.79,14.64,15.15,601.100006
2012-03-20,37.389999,14.4,15.41,605.959984
2012-03-21,37.419998,14.46,15.51,602.4999849999998
2012-03-22,37.619998,14.44,15.49,599.3400190000001
2012-03-23,37.089999,14.55,15.39,596.050011
2012-03-26,38.079998,14.72,15.54,606.97998
2012-03-27,37.869998,14.82,15.43,614.4800190000002
2012-03-28,37.239999,15.16,15.32,617.62001
2012-03-29,36.989999,15.23,15.3,609.8599929999998
2012-03-30,36.899999,15.4,15.22,599.550011
2012-04-02,36.589999,15.33,15.46,618.6300200000002
2012-04-03,36.63,15.08,15.18,629.319984
2012-04-04,35.729999,14.65,15.27,624.3099900000002
2012-04-05,35.62,14.63,15.07,633.679977
2012-04-09,36.299999,14.44,15.1,636.229996
2012-04-10,35.47,14.16,14.99,628.440018
2012-04-11,35.759998,14.34,14.88,626.20002
2012-04-12,36.459998,14.68,15.06,622.7699809999998
2012-04-13,36.12,14.16,14.87,605.22998
2012-04-16,35.499998,13.99,14.79,580.1300200000002
2012-04-17,36.079999,14.02,15.01,609.699989
2012-04-18,35.87,13.87,15.49,608.340012
2012-04-19,40.619997,13.66,15.4,587.439987
2012-04-20,40.29,13.39,15.6,572.980003
2012-04-23,39.649997,13.23,15.33,571.699974
2012-04-24,39.299997,12.82,15.43,560.280006
2012-04-25,39.859999,13.08,15.5,610.000023
2012-04-26,41.049998,13.09,15.53,607.6999969999998
2012-04-27,41.229999,12.98,15.57,603.000023
2012-04-30,41.019997,13.0,15.54,583.9799879999998
2012-05-01,40.749998,13.23,15.63,582.130013
2012-05-02,41.16,12.85,15.67,585.97998
2012-05-03,40.379998,12.63,15.4,581.819992
2012-05-04,39.44,12.26,15.15,565.25
2012-05-07,40.070001,12.47,15.35,569.480003
2012-05-08,40.19,12.46,15.36,568.18
2012-05-09,40.559999,12.51,15.3,569.180023
2012-05-10,41.21,12.42,15.44,570.519974
2012-05-11,40.74,13.21,15.19,566.710007
2012-05-14,40.249997,13.13,15.5,558.2199860000002
2012-05-15,40.049997,13.0,15.4,553.169991
2012-05-16,39.859999,12.74,15.28,546.0800019999998
2012-05-17,39.029998,12.65,14.87,530.12001
2012-05-18,38.359999,12.08,15.42,530.37999
2012-05-21,39.509999,12.29,15.58,561.279976
2012-05-22,39.220001,12.14,15.29,556.970024
2012-05-23,39.679998,12.44,15.38,570.559975
2012-05-24,39.659999,12.11,15.35,565.320015
2012-05-25,40.349997,12.4,15.36,562.289986
2012-05-29,41.490001,12.72,15.47,572.269974
2012-05-30,39.59,12.57,15.25,579.1699980000002
2012-05-31,39.19,12.43,15.24,577.7300190000002
2012-06-01,38.820001,11.98,14.92,560.989983
2012-06-04,39.159999,11.73,15.01,564.289978
2012-06-05,39.759999,12.07,15.1,562.830025
2012-06-06,40.94,12.39,15.36,571.460022
2012-06-07,40.899998,11.89,15.36,571.720001
2012-06-08,41.049998,12.12,15.65,580.319984
2012-06-11,40.929999,12.26,15.3,571.169975
2012-06-12,40.909999,12.51,15.47,576.159996
2012-06-13,40.169997,12.18,15.34,572.160011
2012-06-14,40.129998,12.03,15.36,571.529984
2012-06-15,40.669997,12.29,15.36,574.12999
2012-06-18,42.490001,12.4,15.49,585.779976
2012-06-19,43.499998,13.24,15.65,587.4100269999999
2012-06-20,42.949998,13.45,15.74,585.739975
2012-06-21,41.829999,12.84,15.52,577.669991
2012-06-22,42.799998,13.0,15.61,582.099998
2012-06-25,41.81,12.59,15.44,570.77002
2012-06-26,42.499998,12.73,15.35,572.0300219999998
2012-06-27,42.290001,13.14,15.52,574.4999849999998
2012-06-28,40.779999,13.24,15.45,569.04998
2012-06-29,42.01,13.82,15.83,584.0000150000002
2012-07-02,41.219997,13.45,15.84,592.519997
2012-07-03,41.199998,13.8,15.98,599.4099809999999
2012-07-05,40.929999,13.66,15.85,609.9399950000002
2012-07-06,40.409999,13.4,15.78,605.879982
2012-07-09,40.679998,13.22,15.75,613.889992
2012-07-10,39.679998,12.82,15.82,608.210022
2012-07-11,39.129998,12.61,15.8,604.430016
2012-07-12,39.309999,12.4,15.69,598.900009
2012-07-13,39.949997,12.56,15.74,604.970001
2012-07-16,38.599997,12.6,15.65,606.910019
2012-07-17,39.070001,12.37,15.6,606.93998
2012-07-18,40.459999,13.06,15.7,606.260017
2012-07-19,43.949998,13.19,15.73,614.320015
2012-07-20,44.849999,12.81,15.92,604.300026
2012-07-23,44.239997,12.98,15.76,603.8300019999998
2012-07-24,43.519997,12.84,15.43,600.919975
2012-07-25,43.189996,13.09,15.5,574.970009
2012-07-26,43.789997,13.15,15.8,574.8800200000002
2012-07-27,45.219998,13.48,16.110001,585.159988
2012-07-30,45.599999,13.33,15.98,595.0300139999998
2012-07-31,44.299999,13.54,15.84,610.759987
2012-08-01,43.889997,13.39,15.99,606.8099900000002
2012-08-02,43.769998,13.44,15.75,607.789986
2012-08-03,44.499999,13.72,15.97,615.70002
2012-08-06,44.769998,14.01,16.040001,622.5500030000002
2012-08-07,45.610001,14.15,16.219998999999998,620.910019
2012-08-08,44.939997,14.23,16.17,619.860008
2012-08-09,44.269998,14.71,16.01,620.7299879999998
2012-08-10,43.989997,14.62,15.15,621.6999969999998
2012-08-13,45.319998,14.81,15.02,630.0
2012-08-14,45.360001,14.59,14.73,631.690025
2012-08-15,44.98,14.48,14.76,630.829979
2012-08-16,45.789997,14.78,14.99,636.340012
2012-08-17,46.869998,14.65,15.03,648.110001
2012-08-20,46.399999,14.65,14.96,665.150017
2012-08-21,45.849999,14.61,14.97,656.059982
2012-08-22,46.999999,14.64,14.92,668.869995
2012-08-23,46.809997,14.31,14.87,662.630013
2012-08-24,47.099999,14.6,14.92,663.2199860000002
2012-08-27,46.98,14.35,14.85,675.679977
2012-08-28,46.939997,14.29,14.72,674.800011
2012-08-29,47.489998,14.32,14.84,673.469994
2012-08-30,46.549999,14.05,14.67,663.869987
2012-08-31,47.469999,14.03,14.65,665.240005
2012-09-04,47.359997,13.28,14.89,674.970001
2012-09-05,47.159997,13.32,15.09,670.230026
2012-09-06,48.909997,13.73,15.11,676.270004
2012-09-07,49.239998,13.4,15.22,680.43998
2012-09-10,48.530001,13.28,15.11,662.739975
2012-09-11,48.330001,13.44,15.16,660.5900190000001
2012-09-12,47.989998,13.59,15.4,669.790016
2012-09-13,48.880001,13.68,15.6,682.980011
2012-09-14,49.969999,13.84,15.77,691.2800139999998
2012-09-17,50.479997,13.46,15.68,699.7800219999998
2012-09-18,49.959997,13.55,15.91,701.910004
2012-09-19,50.389998,13.71,15.86,702.100021
2012-09-20,50.079997,13.61,15.79,698.6999969999998
2012-09-21,49.469999,13.67,15.74,700.089989
2012-09-24,49.309997,13.66,16.0,690.790016
2012-09-25,48.030001,13.41,15.68,673.5400089999998
2012-09-26,47.539998,13.18,15.61,665.179977
2012-09-27,49.119999,13.28,16.040001,681.32
2012-09-28,48.369999,13.34,15.98,667.100021
2012-10-01,48.230001,13.12,15.83,659.389992
2012-10-02,48.4,13.17,15.94,661.309982
2012-10-03,48.589998,13.04,16.209999,671.449974
2012-10-04,49.489998,13.62,16.27,666.799988
2012-10-05,48.730001,13.3,16.09,652.589996
2012-10-08,47.919999,13.17,16.030001000000002,638.170013
2012-10-09,46.219998,12.89,15.85,635.850014
2012-10-10,46.759997,12.67,15.83,640.909996
2012-10-11,47.489998,12.74,15.92,628.099983
2012-10-12,47.85,12.63,15.88,629.710007
2012-10-15,47.399999,12.79,15.68,634.760002
2012-10-16,48.239998,13.16,15.92,649.789986
2012-10-17,48.2,13.06,16.09,644.610001
2012-10-18,50.829997,12.86,16.0,632.6400070000002
2012-10-19,49.969999,12.11,15.84,609.8400190000001
2012-10-22,50.15,11.97,15.77,634.029999
2012-10-23,49.35,12.33,16.67,613.3599929999998
2012-10-24,48.880001,12.17,16.549999,616.829979
2012-10-25,48.339998,12.18,16.610001,609.539986
2012-10-26,49.509997,12.05,16.790001,603.999992
2012-10-31,48.259997,11.98,16.84,595.320007
2012-11-01,49.219999,12.55,16.950001,596.5400089999998
2012-11-02,48.689998,12.49,17.110001,576.800011
2012-11-05,49.35,13.02,17.370001000000002,584.620003
2012-11-06,49.489998,13.01,17.459999,582.849976
2012-11-07,48.4,12.61,17.389999,558.000008
2012-11-08,47.869999,12.68,17.24,537.7499849999998
2012-11-09,47.73,12.19,17.26,547.0599980000002
2012-11-12,47.469999,11.92,17.51,542.829994
2012-11-13,47.739998,11.83,17.85,542.900009
2012-11-14,46.469998,11.54,17.83,536.880005
2012-11-15,46.519998,11.59,17.889999,525.619987
2012-11-16,47.259997,11.38,17.860001,527.680008
2012-11-19,47.919999,11.7,18.360001,565.730011
2012-11-20,48.259997,11.49,18.24,560.9099809999999
2012-11-21,48.630001,11.82,18.4,561.700012
2012-11-23,49.009997,11.9,18.57,571.500023
2012-11-26,51.400001,12.11,18.76,589.5300219999998
2012-11-27,51.15,12.16,18.93,584.780006
2012-11-28,51.47,12.26,18.91,582.940018
2012-11-29,52.199996,12.04,18.870001,589.3599780000002
2012-11-30,52.82,11.97,18.77,585.279991
2012-12-03,52.039999,11.75,18.549999,586.190025
2012-12-04,51.989999,12.1,18.93,575.849976
2012-12-05,52.02,11.96,18.889999,538.7900089999998
2012-12-06,51.989999,11.98,19.200001,547.239975
2012-12-07,51.739999,11.96,19.200001,533.2500150000002
2012-12-10,51.17,12.36,19.43,529.819977
2012-12-11,51.989999,12.65,19.52,541.3900150000002
2012-12-12,51.859998,12.52,19.379999,539.0
2012-12-13,51.02,12.53,19.35,529.689987
2012-12-14,50.359998,12.59,19.639999,509.78998600000006
2012-12-17,51.309998,12.54,19.690001,518.829979
2012-12-18,51.909998,12.56,19.620001,533.900017
2012-12-19,51.339999,12.65,19.6,526.3099900000002
2012-12-20,52.139999,12.64,19.690001,521.7300190000002
2012-12-21,51.350001,12.35,19.35,519.330017
2012-12-24,51.079997,12.25,19.65,520.169983
2012-12-26,50.239998,12.24,19.57,512.999992
2012-12-27,50.289998,12.16,19.6,515.060013
2012-12-28,49.809997,12.1,19.5,509.589981
2012-12-31,51.0,12.26,19.9,532.169991
2013-01-02,53.589999,12.72,20.08,549.029976
2013-01-03,52.449996,12.73,19.780001,542.099991
2013-01-04,52.779997,13.15,19.860001,526.999992
2013-01-07,53.509998,12.77,19.4,523.900002
2013-01-08,52.679997,12.49,19.66,525.31002
2013-01-09,52.759998,12.21,19.32,517.100006
2013-01-10,52.999996,12.23,18.99,523.509979
2013-01-11,53.699997,12.21,19.290001,520.300026
2013-01-14,53.179997,12.2,19.43,501.750015
2013-01-15,52.509998,11.98,19.52,485.920013
2013-01-16,52.899996,12.09,20.07,506.089981
2013-01-17,54.17,12.25,20.129999,502.68002300000006
2013-01-18,54.209999,12.17,20.02,500.000015
2013-01-22,53.37,12.11,19.9,504.770004
2013-01-23,53.379997,12.13,20.110001,514.010002
2013-01-24,55.19,12.19,20.440001,450.499977
2013-01-25,56.529998,12.41,20.370001,439.880001
2013-01-28,55.949997,12.61,20.309999,449.830002
2013-01-29,55.659999,12.34,19.700001,458.269981
2013-01-30,55.779998,12.32,20.120001,456.830002
2013-01-31,55.969996,12.26,19.629999,455.48999800000007
2013-02-01,57.209999,12.37,19.76,453.619995
2013-02-04,55.69,12.16,19.34,442.320004
2013-02-05,56.419996,12.44,19.66,457.840012
2013-02-06,56.109999,12.34,19.85,457.350014
2013-02-07,56.129998,12.29,20.32,468.220009
2013-02-08,56.619997,12.37,20.5,474.980003
2013-02-11,56.409999,12.51,20.9,479.93002300000006
2013-02-12,56.779998,12.43,21.209999,467.900002
2013-02-13,57.049998,12.37,21.15,467.009995
2013-02-14,56.829998,12.73,21.18,466.590012
2013-02-15,56.699997,12.73,21.02,460.16001100000005
2013-02-19,56.679998,12.56,21.290001,459.990021
2013-02-20,55.529998,12.38,20.92,448.850006
2013-02-21,54.620001,12.29,20.83,446.060009
2013-02-22,55.019996,12.52,21.219999,450.80999800000006
2013-02-25,53.609998,12.3,20.73,442.799988
2013-02-26,53.82,12.37,20.76,448.970009
2013-02-27,54.149997,12.6,21.16,444.569988
2013-02-28,54.709999,12.66,21.309999,441.400009
2013-03-01,54.899997,12.71,21.940001,430.470013
2013-03-04,55.479998,12.66,22.700001,420.049988
2013-03-05,55.259999,12.8,22.950001,431.139988
2013-03-06,53.57,12.79,22.799999,425.659996
2013-03-07,52.979997,12.76,22.700001,430.580002
2013-03-08,53.129997,12.82,22.9,431.720001
2013-03-11,52.759998,12.7,22.6,437.869995
2013-03-12,52.959998,12.74,22.4,428.429993
2013-03-13,50.979997,12.74,22.34,428.349991
2013-03-14,51.800001,12.75,22.43,432.499992
2013-03-15,50.409998,12.64,22.07,443.660007
2013-03-18,50.109997,12.55,22.01,455.720016
2013-03-19,51.1,12.47,22.17,454.489975
2013-03-20,52.42,12.62,22.1,452.079987
2013-03-21,52.92,12.42,22.860001,452.729988
2013-03-22,53.27,12.48,23.26,461.91001100000005
2013-03-25,51.309998,12.41,23.379999,463.580009
2013-03-26,52.089999,12.5,23.59,461.140007
2013-03-27,52.07,12.65,23.59,452.079987
2013-03-28,54.22,12.83,23.530001,442.66001100000005
2013-04-01,55.709999,12.41,23.5,428.910004
2013-04-02,56.159999,12.28,23.780001,429.789997
2013-04-03,55.499997,12.13,23.379999,431.989994
2013-04-04,55.79,12.25,23.52,427.71999000000005
2013-04-05,55.519996,12.46,23.299999,423.199993
2013-04-08,55.86999599999999,12.43,23.48,426.209995
2013-04-09,56.069996,12.63,23.83,426.98
2013-04-10,57.299998,12.83,24.200001,435.689999
2013-04-11,57.779999,12.77,24.49,434.32999400000006
2013-04-12,57.309999,13.09,24.690001,429.800011
2013-04-15,55.84,12.82,23.98,419.85001
2013-04-16,57.009999,12.96,23.790001,426.240009
2013-04-17,56.099997,12.79,23.700001,402.800007
2013-04-18,52.82,12.54,23.26,392.049988
2013-04-19,52.389999,12.57,23.469999,390.530006
2013-04-22,51.629997,12.59,23.950001,398.670006
2013-04-23,52.489999,12.92,24.379999,406.12999
2013-04-24,52.97,13.36,24.75,405.459988
2013-04-25,52.359998,13.47,25.200001,408.380001
2013-04-26,52.539999,13.41,24.68,417.199989
2013-04-29,52.839999,13.57,24.43,430.119991
2013-04-30,52.389999,13.77,24.73,442.779987
2013-05-01,52.399996,13.65,24.299999,439.290001
2013-05-02,53.549997,13.81,24.969999,445.519997
2013-05-03,54.209999,13.87,25.07,449.980019
2013-05-06,54.089999,13.83,25.17,460.709984
2013-05-07,53.939999,13.65,26.07,458.660004
2013-05-08,54.959999,13.9,26.41,463.839989
2013-05-09,55.169996,13.91,26.24,456.7699740000001
2013-05-10,55.649997,14.54,26.83,452.969994
2013-05-13,55.329998,14.24,26.389999,454.740021
2013-05-14,56.269996,14.45,26.639999,443.860012
2013-05-15,56.649997,14.7,27.34,428.850002
2013-05-16,55.799997,14.63,26.58,434.580013
2013-05-17,56.709999,14.87,26.52,433.26001
2013-05-20,55.949997,14.84,26.58,442.930004
2013-05-21,54.949997,14.92,27.0,439.659996
2013-05-22,54.399997,14.4,26.540001,441.349995
2013-05-23,54.479998,14.63,26.02,442.1399990000001
2013-05-24,54.64,14.54,26.33,445.150002
2013-05-28,55.529998,14.53,26.07,441.44001
2013-05-29,55.049997,14.44,25.809999,444.949997
2013-05-30,55.099997,14.63,26.33,451.580002
2013-05-31,54.099997,14.47,26.299999,449.730026
2013-06-03,53.409998,14.45,26.389999,450.720009
2013-06-04,52.589999,14.47,26.26,449.30999
2013-06-05,51.359998,14.16,25.75,445.110001
2013-06-06,51.52,14.25,26.209999,438.459995
2013-06-07,51.450001,14.45,27.040001,441.810005
2013-06-10,53.249996,14.44,26.74,438.889992
2013-06-11,52.049996,14.17,26.4,437.600002
2013-06-12,50.75,14.05,25.889999,432.189999
2013-06-13,51.479997,14.37,26.370001,435.959991
2013-06-14,51.289999,14.35,26.280001,430.050003
2013-06-17,52.07,14.49,26.540001,432.000008
2013-06-18,52.559998,14.4,26.66,431.769989
2013-06-19,52.229997,14.84,26.24,422.999989
2013-06-20,50.739999,14.44,25.35,416.840008
2013-06-21,51.129997,14.42,25.190001,413.500011
2013-06-24,50.819999,14.12,24.07,402.540001
2013-06-25,51.639999,14.22,24.959999,402.62999
2013-06-26,51.329997,14.14,25.290001,398.069992
2013-06-27,52.139999,14.01,25.469999,393.779987
2013-06-28,51.72,14.04,25.129999,396.53001
2013-07-01,52.899996,14.1,25.24,409.219994
2013-07-02,53.329997,14.09,24.99,418.490005
2013-07-03,53.17,14.13,25.59,420.799992
2013-07-05,53.849997,14.24,25.68,417.419994
2013-07-08,53.709998,14.17,25.530001,415.050007
2013-07-09,54.49,14.24,26.68,422.349987
2013-07-10,54.879998,14.43,26.559999,420.730003
2013-07-11,55.879998,14.63,27.040001,427.289993
2013-07-12,57.04,14.64,27.23,426.51000199999993
2013-07-15,56.449997,14.61,27.34,427.44001
2013-07-16,56.809999,14.69,26.879999,430.199993
2013-07-17,57.379999,14.61,29.66,430.310009
2013-07-18,53.52,14.55,29.66,431.76000199999993
2013-07-19,52.189999,14.24,29.110001,424.949993
2013-07-22,52.309998,14.23,27.860001,426.30999800000006
2013-07-23,51.639999,14.21,27.360001,418.98999
2013-07-24,52.099996,14.21,27.84,440.51000199999993
2013-07-25,51.500001,14.26,28.27,438.499996
2013-07-26,52.249996,14.2,28.110001,440.990013
2013-07-29,51.639999,14.17,27.93,447.790009
2013-07-30,51.979997,14.41,28.049999,453.320015
2013-07-31,51.689999,14.44,28.09,452.529984
2013-08-01,52.409998,14.64,27.959999,456.679985
2013-08-02,52.539999,14.76,27.65,462.53998600000006
2013-08-05,52.709998,14.83,27.67,469.449997
2013-08-06,53.699997,14.61,27.32,465.250008
2013-08-07,53.009998,14.6,27.389999,464.979988
2013-08-08,53.57,14.7,27.48,461.010017
2013-08-09,53.329997,14.49,27.68,454.449974
2013-08-12,53.279997,14.37,28.35,467.360016
2013-08-13,54.12,14.42,28.34,489.569977
2013-08-14,54.229998,15.03,28.049999,498.500008
2013-08-15,53.179997,15.13,27.139999,497.909981
2013-08-16,52.92,15.19,27.32,502.330002
2013-08-19,52.07,14.95,26.91,507.740005
2013-08-20,51.989999,14.95,27.120001,501.07
2013-08-21,50.959998,14.88,27.059999,502.360016
2013-08-22,51.079997,14.96,27.9,502.959976
2013-08-23,51.650001,14.96,27.99,501.020012
2013-08-26,51.959998,14.99,27.700001,502.970016
2013-08-27,50.609998,14.8,27.0,488.589981
2013-08-28,50.429997,14.8,27.110001,490.89999400000005
2013-08-29,50.989999,14.77,27.299999,491.700012
2013-08-30,49.989998,14.75,27.120001,487.220016
2013-09-03,50.319999,14.76,27.780001,488.57999400000006
2013-09-04,51.450001,14.9,28.07,498.690025
2013-09-05,51.950001,14.94,28.23,495.2699740000001
2013-09-06,52.829997,14.88,28.17,498.220001
2013-09-09,52.67,15.13,29.24,506.169983
2013-09-10,53.489999,15.45,29.48,494.6399990000001
2013-09-11,54.279998,15.71,29.190001,467.709984
2013-09-12,54.029998,15.7,29.65,472.690018
2013-09-13,53.82,15.8,29.26,464.899986
2013-09-16,53.649997,15.81,29.620001,450.119995
2013-09-17,54.629998,15.86,30.0,455.320007
2013-09-18,54.679998,16.0,30.440001,464.680008
2013-09-19,54.449997,15.93,31.030001,472.299995
2013-09-20,54.949997,15.79,30.93,467.410004
2013-09-23,54.759999,15.64,30.26,490.64001500000006
2013-09-24,55.169996,15.7,31.27,489.100006
2013-09-25,54.209999,15.72,31.34,481.530006
2013-09-26,56.64,15.67,32.75,486.219994
2013-09-27,55.779998,15.58,33.549999,482.750008
2013-09-30,55.799997,15.56,33.169998,476.749977
2013-10-01,55.969996,15.55,34.310001,487.960007
2013-10-02,55.629998,15.54,34.139999,489.55999
2013-10-03,54.909999,15.38,33.880001,483.409996
2013-10-04,55.579998,15.59,34.889999,483.030014
2013-10-07,54.57,15.59,34.139999,487.750015
2013-10-08,52.97,15.46,32.93,480.93998
2013-10-09,52.329997,15.22,33.009998,486.589989
2013-10-10,53.42,15.39,33.869999,489.639992
2013-10-11,54.37,15.26,34.150002,492.80999800000006
2013-10-14,54.770001,15.49,34.0,496.039978
2013-10-15,53.97,15.41,33.380001,498.679985
2013-10-16,53.52,15.6,33.09,501.110001
2013-10-17,51.379997,15.63,32.740002000000004,504.499985
2013-10-18,52.199996,15.81,33.43,508.889992
2013-10-21,51.939999,15.85,34.060001,521.3600230000002
2013-10-22,51.829997,15.77,33.939999,519.870003
2013-10-23,51.729997,15.5,33.099998,524.959999
2013-10-24,52.339999,15.39,33.080002,531.910011
2013-10-25,51.639999,15.24,32.25,525.960022
2013-10-28,51.97,15.21,32.349998,529.880005
2013-10-29,53.339999,15.23,33.169998,516.680023
2013-10-30,52.729997,15.22,32.57,524.900024
2013-10-31,52.709998,15.19,32.939999,522.699974
2013-11-01,51.939999,15.26,33.18,520.030006
2013-11-04,51.37,14.82,33.189999,526.75
2013-11-05,51.079997,14.8,32.970001,525.4499969999998
2013-11-06,53.279997,14.9,32.880001,520.920013
2013-11-07,52.57,14.55,32.110001000000004,512.490021
2013-11-08,52.999996,15.56,33.119999,520.5600049999998
2013-11-11,52.82,15.69,33.82,519.050011
2013-11-12,52.829997,15.72,34.07,520.009979
2013-11-13,53.029997,16.15,35.099998,520.6300200000002
2013-11-14,52.879997,16.219998999999998,35.689999,528.160019
2013-11-15,52.599996,16.17,35.470001,524.990013
2013-11-18,52.079997,15.78,34.98,518.6299740000002
2013-11-19,52.129997,15.44,34.630001,519.549995
2013-11-20,50.389998,15.21,35.619999,514.9999849999998
2013-11-21,50.209997,15.33,36.299999,521.139992
2013-11-22,50.329997,15.18,36.490002,519.799988
2013-11-25,49.039998,15.51,36.290001,523.739998
2013-11-26,48.759997,15.64,36.639999,533.399979
2013-11-27,49.3,15.7,36.959999,545.959999
2013-11-29,50.519999,15.6,36.98,556.069977
2013-12-02,51.350001,15.75,37.009998,551.230026
2013-12-03,51.929997,15.74,36.560001,566.319984
2013-12-04,51.089999,15.96,38.130001,565.000008
2013-12-05,51.409998,15.7,38.869999,567.899994
2013-12-06,52.009998,15.47,38.860001,560.019974
2013-12-09,51.689999,15.21,38.869999,566.43
2013-12-10,51.92,15.56,40.220001,565.54998
2013-12-11,51.37,15.41,39.16,561.3599780000002
2013-12-12,51.37,15.11,39.349998,560.539986
2013-12-13,51.550001,15.02,39.73,554.429993
2013-12-16,53.109998,15.04,39.73,557.500023
2013-12-17,52.579997,15.11,39.509998,554.990005
2013-12-18,53.129997,15.32,40.040001,550.769989
2013-12-19,53.399997,15.38,40.200001,544.4599910000002
2013-12-20,54.579998,15.69,40.119999,549.019989
2013-12-23,55.299997,15.78,40.77,570.090004
2013-12-24,55.169996,15.82,40.849998,567.669975
2013-12-26,54.059999,15.67,40.650002,563.900009
2013-12-27,54.179998,15.76,40.490002,560.089989
2013-12-30,54.009999,15.97,40.200001,554.5199809999998
2013-12-31,54.870001,16.02,40.439999,561.019997
2014-01-02,53.939995,15.86,39.59,553.12999
2014-01-03,53.259998,15.67,40.119999,540.9800190000002
2014-01-06,51.779997,15.88,39.93,543.929993
2014-01-07,52.869995,16.139999,40.919998,540.040024
2014-01-08,52.369995,16.360001,41.02,543.460022
2014-01-09,52.07,15.75,40.919998,536.519997
2014-01-10,52.159998,15.73,41.23,532.9399950000002
2014-01-13,52.539999,15.36,39.990002,535.7300190000002
2014-01-14,52.959998,15.84,41.139999,546.3900219999998
2014-01-15,53.789999,16.01,41.07,557.3599929999998
2014-01-16,53.739999,16.059998999999998,40.34,554.2500150000002
2014-01-17,53.200001,15.99,40.009998,540.6699980000002
2014-01-21,54.150001,16.049999,39.52,549.069977
2014-01-22,54.409999,16.030001000000002,40.18,551.509979
2014-01-23,54.939995,15.97,39.389999,556.179993
2014-01-24,54.36999599999999,15.56,37.91,546.070015
2014-01-27,52.879997,15.46,36.650002,550.500023
2014-01-28,53.159998,15.61,38.220001,506.499977
2014-01-29,52.189999,15.46,34.889999,500.749992
2014-01-30,53.179997,15.72,35.310001,499.779984
2014-01-31,53.200001,15.7,36.009998,500.599976
2014-02-03,52.389999,15.49,34.900002,501.529984
2014-02-04,52.909998,15.58,35.66,508.790016
2014-02-05,53.52,15.44,35.49000200000001,512.589996
2014-02-06,54.36999599999999,15.64,36.240002,512.509995
2014-02-07,54.59,15.87,37.23,519.679985
2014-02-10,53.779998,15.92,37.759998,528.989998
2014-02-11,54.309999,16.25,38.5,535.959984
2014-02-12,54.830002,16.83,38.110001,535.919983
2014-02-13,54.919996,17.360001,38.52,544.429977
2014-02-14,54.770001,17.91,38.23,543.990021
2014-02-18,55.150002,17.9,38.310001,545.990013
2014-02-19,54.74,18.139999,37.810001,537.370003
2014-02-20,54.959999,18.780001,37.790001,531.149994
2014-02-21,54.59,18.639999,37.290001,525.249992
2014-02-24,56.299997,18.91,37.419998,527.550018
2014-02-25,56.150002,18.74,37.259998,522.060013
2014-02-26,57.34,18.709999,37.619999,517.349998
2014-02-27,58.340001,18.5,38.470001,527.670021
2014-02-28,58.769997,18.379999,38.669998,526.239975
2014-03-03,58.31,18.290001,38.25,527.76001
2014-03-04,59.06,18.48,39.630001,531.239983
2014-03-05,58.86,18.639999,39.5,532.360008
2014-03-06,59.299998,18.379999,39.66,530.7499849999998
2014-03-07,59.06,18.360001,38.700001,530.440018
2014-03-10,58.220001,18.09,38.049999,530.919975
2014-03-11,57.54,18.27,37.560001,536.0899730000001
2014-03-12,57.979999,18.32,37.5,536.6099849999998
2014-03-13,56.699997,17.74,37.23,530.650009
2014-03-14,56.74,17.82,37.599998,524.68998
2014-03-17,57.419997,17.82,39.110001,526.740013
2014-03-18,57.84,18.24,39.450001,531.399986
2014-03-19,57.299998,18.559999,38.610001,531.26001
2014-03-20,57.119997,18.57,37.77,528.700005
2014-03-21,56.959999,18.540001,37.939999,532.8699799999998
2014-03-24,56.54,18.450001,36.68,539.190018
2014-03-25,56.329998,18.450001,35.93,544.98999
2014-03-26,55.599997,18.030001,35.450001,539.779991
2014-03-27,55.179998,17.790001,35.59,537.4599910000002
2014-03-28,55.189995,17.9,35.900002,536.8599780000002
2014-03-31,55.24,17.91,35.900002,536.739975
2014-04-01,56.04,18.65,36.490002,541.649994
2014-04-02,55.449997,18.530001,36.639999,542.549988
2014-04-03,54.580002,18.73,35.759998,538.7900089999998
2014-04-04,53.999997,18.15,34.259998,531.820023
2014-04-07,52.950001,18.209999,33.07,523.4699780000002
2014-04-08,54.799997,18.860001,33.830002,523.440018
2014-04-09,55.89,18.84,34.869999,530.320015
2014-04-10,54.080002,18.379999,33.400002,523.4800190000002
2014-04-11,53.459998,18.120001,32.869999,519.6100230000002
2014-04-14,53.979998,18.32,33.450001,521.679977
2014-04-15,53.900001,18.450001,34.209999,517.959999
2014-04-16,54.689995,18.49,36.349998,519.01001
2014-04-17,54.970001,18.559999,36.380001,524.940025
2014-04-21,54.929998,18.709999,36.400002,531.170021
2014-04-22,55.470001,18.870001,36.139999,531.70002
2014-04-23,54.939995,19.09,35.439999,524.750008
2014-04-24,54.84,19.26,35.24000200000001,567.770004
2014-04-25,53.72,18.73,34.48,571.93998
2014-04-28,53.639999,18.65,33.990002000000004,594.0900190000001
2014-04-29,54.54,18.690001,35.830002,592.329979
2014-04-30,51.830002,18.469999,35.950001,590.089981
2014-05-01,51.689999,18.57,36.509998,591.480026
2014-05-02,52.009998,18.43,36.869999,592.580025
2014-05-05,51.999996,18.629999,36.91,600.959976
2014-05-06,50.95,18.25,36.490002,594.4100269999999
2014-05-07,50.569999,18.27,34.07,592.329979
2014-05-08,50.259997,18.5,33.919998,587.990013
2014-05-09,50.539998,18.049999,33.759998,585.540024
2014-05-12,51.330001,18.58,34.450001,592.830017
2014-05-13,51.580001,18.280001,34.400002,593.760025
2014-05-14,51.650001,18.1,34.169998,593.869987
2014-05-15,51.359998,18.0,33.799999,588.819992
2014-05-16,51.950001,17.959999,33.41,597.510017
2014-05-19,52.330002,18.540001,33.889999,604.5900190000001
2014-05-20,51.959998,18.24,33.869999,604.710022
2014-05-21,51.88000200000001,18.24,34.360001000000004,606.3100049999998
2014-05-22,51.500001,18.32,34.700001,607.269974
2014-05-23,52.02,18.49,35.02,614.129997
2014-05-27,51.77,18.82,35.119999,625.6300200000002
2014-05-28,50.389998,18.98,34.779999,624.01001
2014-05-29,50.139998,18.950001,34.900002,635.37999
2014-05-30,50.729997,19.0,34.650002,633.0000150000002
2014-06-02,50.489998,18.940001,34.869999,628.650009
2014-06-03,50.419995,18.860001,34.650002,637.539986
2014-06-04,50.45,18.879999,34.73,644.819992
2014-06-05,50.580001,18.959999,34.939999,647.349983
2014-06-06,49.7,19.030001,35.919998,645.570023
2014-06-09,49.580001,19.049999,36.040001,93.699997
2014-06-10,48.25,19.15,36.310001,94.25
2014-06-11,48.830001,19.4,36.630001,93.860001
2014-06-12,48.560002,19.52,36.779999,92.290001
2014-06-13,49.039998,19.540001,36.939999,91.279999
2014-06-16,49.0,19.48,34.810001,92.199997
2014-06-17,49.060002,19.610001,34.43,92.080002
2014-06-18,49.659997,19.59,34.939999,92.18
2014-06-19,49.599995,19.139999,34.68,91.860001
2014-06-20,49.339998,18.93,34.049999,90.910004
2014-06-23,49.389998,18.709999,33.639999,90.830002
2014-06-24,48.849995,18.42,33.48,90.279999
2014-06-25,49.319999,18.610001,33.25,90.360001
2014-06-26,49.469999,18.360001,33.66,90.900002
2014-06-27,50.080001,18.379999,34.25,91.980003
2014-06-30,50.060002,18.540001,35.130001,92.93
2014-07-01,50.5,18.75,35.349998,93.519997
2014-07-02,50.549996,18.68,35.880001,93.480003
2014-07-03,50.939999,18.85,36.139999,94.029999
2014-07-07,50.739999,18.700001,35.52,95.970001
2014-07-08,50.179997,18.549999,34.529999,95.349998
2014-07-09,50.929997,19.110001,34.849998,95.389999
2014-07-10,50.339998,19.01,34.93,95.040001
2014-07-11,51.500001,19.049999,35.43,95.220001
2014-07-14,51.159998,19.290001,35.700001,96.449997
2014-07-15,50.819999,19.370001,35.61000100000001,95.32
2014-07-16,50.7,19.35,33.790001000000004,94.779999
2014-07-17,51.029997,19.299999,33.209999,93.089996
2014-07-18,51.479997,18.440001,33.330002,94.43
2014-07-21,51.700001,18.549999,33.279999,93.940002
2014-07-22,52.049996,18.469999,33.599998,94.720001
2014-07-23,52.659998,18.08,34.709999,97.190002
2014-07-24,53.229997,18.110001,36.169998,97.029999
2014-07-25,52.749996,17.790001,36.119999,97.669998
2014-07-28,52.929997,17.719998999999994,35.900002,99.019997
2014-07-29,53.209998,17.780001000000006,35.68,98.379997
2014-07-30,53.229997,18.08,36.599998,98.150002
2014-07-31,52.830002,17.5,35.810001,95.599998
2014-08-01,52.529997,17.690001000000006,35.619999,96.129997
2014-08-04,53.059998,17.65,36.529999,95.589996
2014-08-05,53.259998,17.66,35.700001,95.120003
2014-08-06,53.459998,17.639999,35.79000100000001,94.959999
2014-08-07,53.559998,17.459999,35.66,94.480003
2014-08-08,54.089999,19.0,35.91,94.739998
2014-08-11,53.879998,18.9,35.79000100000001,95.989998
2014-08-12,53.429997,18.9,35.52,95.970001
2014-08-13,52.939999,19.01,36.189999,97.239998
2014-08-14,52.929997,18.799999,36.360001,97.5
2014-08-15,52.639999,19.040001,36.470001,97.980003
2014-08-18,53.109998,19.299999,37.380001,99.160004
2014-08-19,53.749997,19.370001,37.830002,100.529999
2014-08-20,53.400001,19.25,37.5,100.57
2014-08-21,55.89,19.07,37.639999,100.580002
2014-08-22,55.499997,19.08,38.009998,101.32
2014-08-25,55.49,19.110001,37.709999,101.540001
2014-08-26,56.249997,19.450001,37.790001,100.889999
2014-08-27,55.919996,19.23,38.18,102.129997
2014-08-28,55.429998,19.389999,38.310001,102.25
2014-08-29,55.499997,19.450001,38.509998,102.5
2014-09-02,54.879998,19.5,39.27,103.300003
2014-09-03,54.549997,19.68,38.869999,98.940002
2014-09-04,54.439995,20.030001,39.189999,98.120003
2014-09-05,53.900001,19.969999,39.59,98.970001
2014-09-08,54.229998,19.790001,41.810001,98.360001
2014-09-09,52.729997,19.540001,40.779999,97.989998
2014-09-10,51.099996,19.610001,41.139999,101.0
2014-09-11,50.679997,19.41,41.259998,101.43
2014-09-12,52.189999,19.120001,42.880001,101.660004
2014-09-15,50.959998,18.860001,42.549999,101.629997
2014-09-16,51.609998,19.139999,42.709999,100.860001
2014-09-17,51.950001,19.15,42.59,101.580002
2014-09-18,52.700001,19.440001,42.09,101.790001
2014-09-19,52.400001,19.08,40.93,100.959999
2014-09-22,52.47,18.889999,38.650002,101.059998
2014-09-23,52.739999,18.809999,39.049999,102.639999
2014-09-24,52.929997,18.92,39.880001,101.75
2014-09-25,52.150001,18.51,38.950001,97.870003
2014-09-26,52.929997,18.549999,40.66,100.75
2014-09-29,52.659998,18.52,40.52,100.110001
2014-09-30,56.629998,18.450001,40.75,100.75
2014-10-01,55.459999,18.27,40.32,99.18
2014-10-02,54.859999,18.190001,40.5,99.900002
2014-10-03,54.439995,18.23,41.029999,99.620003
2014-10-06,53.549997,18.120001,41.52,99.620003
2014-10-07,52.97,17.93,40.93,98.75
2014-10-08,54.509999,18.26,41.080002,100.800003
2014-10-09,52.859998,17.91,41.099998,101.019997
2014-10-10,51.859998,16.85,39.599998,100.730003
2014-10-13,50.459998,16.790001,38.380001,99.809998
2014-10-14,50.589998,17.18,37.970001,98.75
2014-10-15,50.239998,17.440001000000002,37.82,97.540001
2014-10-16,47.88,17.450001,38.119999,96.260002
2014-10-17,47.95,17.42,38.450001,97.669998
2014-10-20,49.2,17.57,39.279999,99.760002
2014-10-21,50.859998,18.32,40.18,102.470001
2014-10-22,50.130001,17.889999,42.0,102.989998
2014-10-23,50.789999,18.290001,42.599998,104.830002
2014-10-24,51.12,18.48,43.5,105.220001
2014-10-27,51.189999,18.49,44.700001,105.110001
2014-10-28,51.2,18.93,45.869999,106.739998
2014-10-29,51.330001,18.809999,45.43,107.339996
2014-10-30,51.549996,18.690001,45.630001,106.980003
2014-10-31,52.499996,19.540001,46.049999,108.0
2014-11-03,52.700001,19.870001,46.34,109.400002
2014-11-04,53.27,20.129999,47.080002,108.599998
2014-11-05,53.589999,20.129999,47.459999,108.860001
2014-11-06,53.259998,20.219999,47.93,108.699997
2014-11-07,53.52,19.790001,48.549999,109.010002
2014-11-10,53.889999,20.02,49.41,108.830002
2014-11-11,54.189995,19.780001,49.049999,109.699997
2014-11-12,54.059999,19.65,50.599998,111.25
2014-11-13,54.36999599999999,19.549999,50.5,112.82
2014-11-14,54.359999,19.790001,51.75,114.18
2014-11-17,54.830002,19.700001,52.369999,113.989998
2014-11-18,55.379998,20.17,51.75,115.470001
2014-11-19,54.939995,20.01,50.580002,114.669998
2014-11-20,54.54,20.34,51.25,116.309998
2014-11-21,54.419996,20.450001,51.040001,116.470001
2014-11-24,54.39,20.58,51.830002,118.629997
2014-11-25,54.400001,20.57,51.720001,117.599998
2014-11-26,54.569996,20.92,51.93,119.0
2014-11-28,54.879998,20.969999,51.740002,118.93
2014-12-01,54.86999599999999,20.58,50.099998,115.07
2014-12-02,55.020001,20.610001,50.669998,114.629997
2014-12-03,54.809999,21.139999,50.279999,115.93
2014-12-04,54.669996,20.950001,50.41,115.489998
2014-12-05,54.809999,21.07,50.990002,115.0
2014-12-08,55.150002,20.799999,49.619999,112.400002
2014-12-09,55.400002,20.73,50.509998,114.120003
2014-12-10,55.270001,20.27,49.209999,111.949997
2014-12-11,56.79,20.26,49.939999,111.620003
2014-12-12,55.770001,19.629999,50.240002,109.730003
2014-12-15,55.439995,19.57,49.82,108.230003
2014-12-16,55.939995,19.35,48.849998,106.75
2014-12-17,56.409999,20.139999,50.119999,109.410004
2014-12-18,57.529999,20.219999,50.91,112.650002
2014-12-19,57.139996,20.42,50.880001,111.779999
2014-12-22,57.329999,20.780001,51.150002,112.940002
2014-12-23,57.229998,20.65,50.02,112.540001
2014-12-24,57.099998,20.57,50.650002,112.010002
2014-12-26,57.04,20.59,50.860001,113.989998
2014-12-29,57.029998,20.559999,50.529999,113.910004
2014-12-30,57.220001,20.370001,51.220001,112.519997
2014-12-31,56.11999599999999,20.049999,50.509998,110.379997
2015-01-02,56.209999,20.129999,50.169998,109.330002
2015-01-05,55.74,19.790001,49.130001,106.25
2015-01-06,55.019996,19.190001,49.209999,106.260002
2015-01-07,54.929998,19.139999,48.59,107.75
2015-01-08,56.409999,19.860001,50.23,111.889999
2015-01-09,55.629998,19.940001,49.720001,112.010002
2015-01-12,55.199997,19.690001,48.799999,109.25
2015-01-13,55.129998,19.66,48.299999,110.220001
2015-01-14,54.029998,19.74,47.509998,109.800003
2015-01-15,53.02,19.6,46.23,106.82
2015-01-16,53.659998,19.959999,46.470001,105.989998
2015-01-20,53.679998,20.02,47.630001,108.720001
2015-01-21,53.379997,20.299999,48.18,109.550003
2015-01-22,57.149998,20.65,48.889999,112.400002
2015-01-23,56.759999,20.709999,48.950001,112.980003
2015-01-26,56.059999,20.620001,49.439999,113.099998
2015-01-27,54.69,19.629999,47.990002,109.139999
2015-01-28,53.839999,19.309999,46.459999,115.309998
2015-01-29,53.959999,19.780001,43.73,118.900002
2015-01-30,52.999996,19.200001,43.990002,117.160004
2015-02-02,53.709998,19.620001,44.689999,118.629997
2015-02-03,54.249997,20.110001,44.700001,118.650002
2015-02-04,53.709998,20.16,44.049999,119.559998
2015-02-05,54.29,20.49,43.549999,119.940002
2015-02-06,54.499997,20.4,42.939999,118.93
2015-02-09,54.329998,20.379999,42.57,119.720001
2015-02-10,55.269996,20.950001,43.07,122.019997
2015-02-11,55.14,20.809999,42.959999,124.879997
2015-02-12,54.74,22.299999,43.93,126.459999
2015-02-13,56.469996,22.309999,44.419998,127.080002
2015-02-17,56.419996,22.379999,43.529999,127.830002
2015-02-18,56.899998,22.120001,43.650002,128.720001
2015-02-19,57.649998,22.18,44.369999,128.449997
2015-02-20,58.019997,22.34,44.110001,129.5
2015-02-23,58.069997,22.16,43.529999,133.0
2015-02-24,58.399998,22.309999,43.380001,132.169998
2015-02-25,58.349998,22.139999,44.43,128.78999299999998
2015-02-26,58.539996,22.200001,44.450001,130.419998
2015-02-27,57.91,22.059999,44.279999,128.46000700000002
2015-03-02,58.379999,22.6,44.110001,129.089996
2015-03-03,58.26,22.18,42.619999,129.360001
2015-03-04,58.31,22.43,43.990002,128.53999299999998
2015-03-05,59.079999,22.860001,44.16,126.410004
2015-03-06,59.869997,22.549999,43.439999,126.599998
2015-03-09,60.81,22.610001,42.98,127.139999
2015-03-10,59.21,23.0,42.68,124.510002
2015-03-11,59.679999,22.879999,42.5,122.239998
2015-03-12,59.41,22.67,42.950001,124.449997
2015-03-13,59.069997,22.700001,42.869999,123.589996
2015-03-16,59.569997,22.969999,43.509998,124.949997
2015-03-17,59.489996,23.25,43.790001,127.040001
2015-03-18,58.429999,22.870001,44.669998,128.470001
2015-03-19,57.879999,23.219999,44.98,127.5
2015-03-20,57.929999,23.469999,45.040001,125.900002
2015-03-23,58.619997,22.709999,44.720001,127.209999
2015-03-24,59.51,22.4,44.419998,126.690002
2015-03-25,58.06,21.040001,44.200001,123.379997
2015-03-26,57.519997,20.969999,44.470001,124.239998
2015-03-27,57.629999,21.379999,45.099998,123.25
2015-03-30,57.929999,21.469999,44.950001,126.370003
2015-03-31,57.679999,20.93,44.439999,124.43
2015-04-01,57.129998,21.01,44.130001,124.25
2015-04-02,56.909999,21.059999,44.150002,125.32
2015-04-06,56.819997,21.67,43.669998,127.349998
2015-04-07,57.079998,21.860001,43.610001,126.010002
2015-04-08,57.109999,22.02,45.169998,125.599998
2015-04-09,57.009999,22.530001,45.630001,126.559998
2015-04-10,57.34,22.76,45.18,127.099998
2015-04-13,56.94,22.549999,44.77,126.849998
2015-04-14,56.949998,22.360001,45.529999,126.300003
2015-04-15,57.019997,22.629999,45.73,126.779999
2015-04-16,57.04,22.49,45.779999,126.169998
2015-04-17,55.79,22.200001,44.450001,124.75
2015-04-20,56.069996,22.09,44.66,127.599998
2015-04-21,56.419996,22.059999,44.490002,126.910004
2015-04-22,56.749997,22.309999,43.98,128.619995
2015-04-23,58.889996,22.219999,43.700001,129.669998
2015-04-24,59.199998,22.030001,44.52,130.279999
2015-04-27,59.089996,22.200001,44.360001,132.649994
2015-04-28,59.479999,22.309999,44.34,130.559998
2015-04-29,58.879999,22.139999,43.279999,128.639999
2015-04-30,58.26,22.200001,42.57,125.150002
2015-05-01,59.299998,22.75,42.509998,128.949997
2015-05-04,59.11,22.610001,42.040001,128.699997
2015-05-05,57.939996,22.030001,41.299999,125.800003
2015-05-06,57.49,22.1,41.66,125.010002
2015-05-07,57.96,22.49,43.869999,125.260002
2015-05-08,58.819997,20.83,44.09,127.620003
2015-05-11,58.339996,20.629999,43.599998,126.32
2015-05-12,58.299998,20.83,43.84,125.870003
2015-05-13,58.81,20.950001,44.400002,126.010002
2015-05-14,60.099998,21.290001,44.950001,128.949997
2015-05-15,59.41,21.299999,44.75,128.770004
2015-05-18,59.46,21.27,44.360001,130.190002
2015-05-19,59.249998,21.040001,40.98,130.070007
2015-05-20,59.149998,21.040001,42.790001,130.059998
2015-05-21,59.739996,20.889999,43.68,131.389999
2015-05-22,59.719997,20.860001,43.490002,132.53999299999998
2015-05-26,58.729999,20.73,42.849998,129.619995
2015-05-27,59.379999,21.84,43.380001,132.03999299999998
2015-05-28,60.56,22.139999,43.07,131.779999
2015-05-29,61.359996,22.129999,42.939999,130.279999
2015-06-01,62.559996,22.379999,43.349998,130.53999299999998
2015-06-02,61.999999,21.940001,43.150002,129.96000700000002
2015-06-03,62.009996,21.700001,43.209999,130.119995
2015-06-04,62.489997,22.09,42.880001,129.360001
2015-06-05,63.23,22.26,42.810001,128.649994
2015-06-08,60.849999,21.75,42.009998,127.800003
2015-06-09,60.41,21.860001,41.630001,127.419998
2015-06-10,60.469998,21.469999,42.060001,128.880005
2015-06-11,60.449998,21.700001,40.939999,128.589996
2015-06-12,60.019997,21.110001,40.529999,127.169998
2015-06-15,59.999998,21.07,40.470001,126.919998
2015-06-16,60.519998,21.33,40.639999,127.599998
2015-06-17,60.549999,21.58,40.959999,127.300003
2015-06-18,60.689997,21.940001,40.91,127.879997
2015-06-19,61.169998,21.870001,40.509998,126.599998
2015-06-22,61.749999,21.780001,40.73,127.610001
2015-06-23,61.93,21.219999,40.650002,127.029999
2015-06-24,61.609996,21.01,40.939999,128.110001
2015-06-25,61.599999,21.17,41.07,127.5
2015-06-26,61.039997,20.74,40.060001,126.75
2015-06-29,59.369997,20.120001,38.91,124.529999
2015-06-30,60.239997,20.110001,39.290001,125.43
2015-07-01,60.429999,20.4,39.330002,126.599998
2015-07-02,61.849999,20.42,39.380001,126.440002
2015-07-06,61.759996,20.17,38.610001,126.0
2015-07-07,61.98,19.790001,38.23,125.690002
2015-07-08,60.989997,19.65,37.23,122.57
2015-07-09,61.769998,19.41,37.610001,120.07
2015-07-10,62.369998,19.75,37.919998,123.279999
2015-07-13,63.469998,19.879999,38.759998,125.660004
2015-07-14,63.589998,19.889999,38.630001,125.610001
2015-07-15,63.439997,19.75,38.380001,126.82
2015-07-16,65.589998,20.190001,38.91,128.509995
2015-07-17,66.289998,20.07,39.68,129.619995
2015-07-20,28.57,19.700001,39.540001,132.070007
2015-07-21,28.6,19.790001,39.73,130.75
2015-07-22,28.450001,19.41,39.240002,125.220001
2015-07-23,28.43,19.65,39.209999,125.160004
2015-07-24,28.23,19.42,38.849998,124.5
2015-07-27,28.0,19.309999,37.84,122.769997
2015-07-28,28.33,19.73,37.720001,123.379997
2015-07-29,28.75,19.969999,37.669998,122.989998
2015-07-30,28.370001,20.02,37.419998,122.370003
2015-07-31,28.120001,19.950001,36.669998,121.300003
2015-08-03,28.33,20.290001,36.689999,118.440002
2015-08-04,28.41,20.370001,37.119999,114.639999
2015-08-05,28.559999,20.58,37.25,115.400002
2015-08-06,28.16,20.450001,36.459999,115.129997
2015-08-07,28.549999,22.98,36.669998,115.519997
2015-08-10,28.66,23.780001,37.150002,119.720001
2015-08-11,28.139999,23.66,36.029999,113.489998
2015-08-12,28.01,23.719999,34.490002000000004,115.239998
2015-08-13,27.99,23.52,35.93,115.150002
2015-08-14,28.26,23.540001,36.240002,115.959999
2015-08-17,28.290001,23.389999,36.099998,117.160004
2015-08-18,27.77,23.08,35.689999,116.5
2015-08-19,27.43,22.99,35.189999,115.010002
2015-08-20,26.52,22.16,34.099998,112.650002
2015-08-21,25.77,21.469999,32.93,105.760002
2015-08-24,24.93,20.709999,31.309999,103.120003
2015-08-25,25.23,20.280001,31.74,103.739998
2015-08-26,26.17,21.809999,32.52,109.690002
2015-08-27,27.1,22.629999,33.689999,112.919998
2015-08-28,27.25,22.73,33.139999,113.290001
2015-08-31,27.110001,22.48,32.240002000000004,112.760002
2015-09-01,26.48,21.559999,31.6,107.720001
2015-09-02,26.870001,22.209999,31.77,112.339996
2015-09-03,27.040001,22.27,32.540001000000004,110.370003
2015-09-04,26.48,21.75,31.58,109.269997
2015-09-08,26.360001,22.68,30.9,112.309998
2015-09-09,26.200001,22.23,31.52,110.150002
2015-09-10,26.15,22.58,31.15,112.57
2015-09-11,26.32,22.65,31.43,114.209999
2015-09-14,25.75,22.690001,30.32,115.309998
2015-09-15,25.98,22.940001,31.040001,116.279999
2015-09-16,26.74,23.1,31.4,116.410004
2015-09-17,26.27,23.309999,30.93,113.919998
2015-09-18,26.02,23.290001,30.74,113.449997
2015-09-21,25.92,23.530001,31.17,115.209999
2015-09-22,25.610001,22.889999,30.4,113.400002
2015-09-23,25.59,23.0,29.74,114.32
2015-09-24,25.610001,23.440001,29.34,115.0
2015-09-25,25.33,23.610001,29.129999,114.709999
2015-09-28,24.139999,23.299999,27.6,112.440002
2015-09-29,24.08,23.709999,28.26,109.059998
2015-09-30,24.440001,24.65,28.91,110.300003
2015-10-01,24.91,24.17,28.91,109.580002
2015-10-02,25.530001,24.799999,30.709999,110.379997
2015-10-05,25.74,25.42,30.85,110.779999
2015-10-06,25.68,25.75,30.959999,111.309998
2015-10-07,25.68,26.02,31.870001,110.779999
2015-10-08,24.15,26.17,32.369999,109.5
2015-10-09,24.299999,26.07,32.52,112.120003
2015-10-12,24.559999,26.35,32.860001000000004,111.599998
2015-10-13,24.620001,26.4,32.34,111.790001
2015-10-14,24.0,27.360001,32.09,110.209999
2015-10-15,24.51,27.43,33.48,111.860001
2015-10-16,24.549999,27.860001,33.369999,111.040001
2015-10-19,24.559999,27.809999,33.5,111.730003
2015-10-20,24.42,27.77,32.830002,113.769997
2015-10-21,24.209999,27.41,31.120001,113.760002
2015-10-22,27.58,28.4,31.67,115.5
2015-10-23,28.16,28.59,33.169998,119.080002
2015-10-26,28.17,28.459999,33.400002,115.279999
2015-10-27,28.370001,28.440001,34.299999,114.550003
2015-10-28,28.25,28.67,35.189999,119.269997
2015-10-29,28.18,27.68,35.049999,120.529999
2015-10-30,27.9,28.370001,35.619999,119.5
2015-11-02,28.5,28.700001,35.27,121.18
2015-11-03,28.9,28.5,34.720001,122.57
2015-11-04,29.299999,28.030001,35.07,122.0
2015-11-05,29.299999,27.709999,35.119999,120.919998
2015-11-06,29.4,31.549999,34.200001,121.059998
2015-11-09,29.18,31.41,33.68,120.57
2015-11-10,29.139999,30.809999,33.990002000000004,116.769997
2015-11-11,28.950001,30.51,33.380001,116.110001
2015-11-12,28.559999,30.4,33.23,115.720001
2015-11-13,28.190001,29.799999,32.189999,112.339996
2015-11-16,28.48,30.4,32.950001,114.18
2015-11-17,28.450001,30.4,32.860001000000004,113.690002
2015-11-18,28.75,31.030001,32.98,117.290001
2015-11-19,28.77,31.120001,32.630001,118.779999
2015-11-20,29.059999,31.389999,33.110001000000004,119.300003
2015-11-23,28.84,30.92,33.360001000000004,117.75
2015-11-24,29.0,31.17,32.959999,118.879997
2015-11-25,29.0,31.129999,33.16,118.029999
2015-11-27,29.1,31.389999,32.939999,117.809998
2015-11-30,29.59,31.719999,33.810001,118.300003
2015-12-01,29.049999,32.75,33.709999,117.339996
2015-12-02,28.969999,32.5,35.650002,116.279999
2015-12-03,28.59,32.43,34.34,115.199997
2015-12-04,29.35,33.75,34.91,119.029999
2015-12-07,29.049999,33.110001000000004,34.68,118.279999
2015-12-08,28.790001,33.560001,34.849998,118.230003
2015-12-09,28.34,32.709999,34.400002,115.620003
2015-12-10,28.57,32.98,34.630001,116.169998
2015-12-11,27.969999,32.490002000000004,32.91,113.18
2015-12-14,28.040001,32.57,32.59,112.480003
2015-12-15,28.309999,32.970001,33.029999,110.489998
2015-12-16,28.57,33.169998,33.779999,111.339996
2015-12-17,28.049999,32.669998,33.23,108.980003
2015-12-18,27.459999,32.139999,32.950001,106.029999
2015-12-21,27.59,32.900002,32.970001,107.330002
2015-12-22,27.889999,32.93,34.189999,107.230003
2015-12-23,27.780001,33.060001,34.450001,108.610001
2015-12-24,27.66,33.169998,34.110001000000004,108.029999
2015-12-28,27.639999,33.139999,33.599998,106.82
2015-12-29,27.91,33.68,34.040001000000004,108.739998
2015-12-30,27.75,33.389999,33.369999,107.32
2015-12-31,27.48,32.959999,33.259998,105.260002
2016-01-04,26.43,32.369999,31.4,105.349998
2016-01-05,26.120001,32.889999,32.200001,102.709999
2016-01-06,26.41,31.530001,32.16,100.699997
2016-01-07,25.690001,30.280001,30.16,96.449997
2016-01-08,25.75,29.629999,30.629999,96.959999
2016-01-11,26.1,29.68,30.17,98.529999
2016-01-12,26.209999,30.18,30.690001,99.959999
2016-01-13,25.41,29.26,29.440001,97.389999
2016-01-14,25.860001,28.67,30.32,99.519997
2016-01-15,25.26,27.110001,29.139999,97.129997
2016-01-19,25.77,27.33,29.74,96.660004
2016-01-20,25.82,27.48,28.780001,96.790001
2016-01-21,26.09,27.799999,29.309999,96.300003
2016-01-22,26.43,28.450001,29.75,101.419998
2016-01-25,26.139999,28.42,29.780001,99.440002
2016-01-26,26.65,28.700001,29.98,99.989998
2016-01-27,26.42,28.360001,29.690001,93.419998
2016-01-28,23.129999,28.049999,28.75,94.089996
2016-01-29,23.459999,29.290001,29.51,97.339996
2016-02-01,23.940001,29.299999,29.57,96.43
2016-02-02,23.290001,28.059999,29.059999,94.480003
2016-02-03,23.5,28.200001,27.68,96.349998
2016-02-04,23.49,28.209999,29.15,96.599998
2016-02-05,23.200001,26.43,27.969999,94.019997
2016-02-08,22.48,25.219999,27.049999,95.010002
2016-02-09,22.01,25.49,26.82,94.989998
2016-02-10,22.32,25.43,27.1,94.269997
2016-02-11,22.08,25.299999,26.76,93.699997
2016-02-12,22.49,25.73,27.040001,93.989998
2016-02-16,22.950001,26.99,29.280001,96.639999
2016-02-17,23.219999,27.66,29.370001,98.120003
2016-02-18,23.530001,30.040001,29.42,96.260002
2016-02-19,23.809999,30.440001,30.040001,96.040001
2016-02-22,24.24,31.52,31.17,96.879997
2016-02-23,23.620001,31.6,30.67,94.690002
2016-02-24,23.959999,31.82,30.950001,96.099998
2016-02-25,24.18,31.889999,31.360001,96.760002
2016-02-26,24.18,31.68,31.370001,96.910004
2016-02-29,23.799999,31.360001,31.790001,96.690002
2016-03-01,24.25,32.75,32.799999,100.529999
2016-03-02,23.719999,32.939999,32.91,100.75
2016-03-03,23.940001,32.650002,32.880001,101.5
2016-03-04,24.41,32.549999,33.860001000000004,103.010002
2016-03-07,24.26,32.34,33.959999,101.870003
2016-03-08,24.07,31.75,32.93,101.029999
2016-03-09,23.950001,31.73,33.509998,101.120003
2016-03-10,23.690001,31.68,32.82,101.169998
2016-03-11,24.02,32.220001,33.810001,102.260002
2016-03-14,24.280001,32.299999,33.580002,102.519997
2016-03-15,23.58,32.139999,33.259998,104.580002
2016-03-16,23.68,33.099998,34.009998,105.970001
2016-03-17,23.76,32.82,34.279999,105.800003
2016-03-18,23.77,33.810001,35.169998,105.919998
2016-03-21,24.34,33.91,35.470001,105.910004
2016-03-22,24.129999,33.849998,35.41,106.720001
2016-03-23,24.17,34.43,34.799999,106.129997
2016-03-24,24.33,34.48,34.860001000000004,105.669998
2016-03-28,24.120001,34.830002,35.23,105.190002
2016-03-29,24.1,35.389999,36.32,107.68
2016-03-30,24.040001,35.759998,36.560001,109.559998
2016-03-31,23.860001,35.630001,36.810001,108.989998
2016-04-01,23.879999,36.150002,36.48,109.989998
2016-04-04,24.030001,35.799999,37.02,111.120003
2016-04-05,24.389999,35.75,36.41,109.809998
2016-04-06,25.43,35.799999,36.66,110.959999
2016-04-07,24.1,35.43,36.169998,108.540001
2016-04-08,24.07,35.66,36.07,108.660004
2016-04-11,24.059999,35.880001,36.48,109.019997
2016-04-12,24.42,35.84,36.66,110.440002
2016-04-13,25.08,36.740002,37.310001,112.040001
2016-04-14,25.209999,36.84,37.169998,112.099998
2016-04-15,25.219999,37.130001,36.509998,109.849998
2016-04-18,25.309999,36.970001,36.52,107.480003
2016-04-19,24.299999,36.310001,36.330002,106.910004
2016-04-20,24.66,36.450001,37.84,107.129997
2016-04-21,24.690001,36.41,37.669998,105.970001
2016-04-22,24.4,36.27,37.48,105.68
2016-04-25,24.219999,36.450001,37.23,105.080002
2016-04-26,24.49,36.48,37.110001,104.349998
2016-04-27,25.27,37.310001,36.950001,97.82
2016-04-28,24.620001,36.200001,36.59,94.830002
2016-04-29,24.43,35.529999,36.599998,93.739998
2016-05-02,24.26,36.0,36.529999,93.639999
2016-05-03,23.98,35.57,36.009998,95.18
2016-05-04,23.799999,34.759998,36.0,94.190002
2016-05-05,23.809999,34.970001,36.939999,93.239998
2016-05-06,23.82,35.330002,37.23,92.720001
2016-05-09,24.02,35.279999,37.18,92.790001
2016-05-10,24.16,35.959999,37.439999,93.419998
2016-05-11,23.74,36.060001,37.369999,92.510002
2016-05-12,23.58,35.57,37.029999,90.339996
2016-05-13,23.780001,40.98,36.48,90.519997
2016-05-16,23.799999,42.189999,37.48,93.879997
2016-05-17,23.27,42.279999,37.27,93.489998
2016-05-18,23.690001,43.360001,37.240002,94.559998
2016-05-19,23.42,43.549999,37.02,94.199997
2016-05-20,23.65,44.330002,36.5,95.220001
2016-05-23,23.459999,44.400002,36.66,96.43
2016-05-24,24.049999,45.360001,37.529999,97.900002
2016-05-25,24.040001,45.169998,35.59,99.620003
2016-05-26,24.120001,45.650002,36.759998,100.410004
2016-05-27,24.360001,45.900002,37.82,100.349998
2016-05-31,24.459999,46.720001,37.939999,99.860001
2016-06-01,24.07,46.810001,36.650002,98.459999
2016-06-02,24.25,47.139999,37.150002,97.720001
2016-06-03,23.98,46.48,36.599998,97.919998
2016-06-06,23.99,46.240002,37.07,98.629997
2016-06-07,24.280001,46.330002,36.73,99.029999
2016-06-08,24.23,46.18,36.970001,98.940002
2016-06-09,24.33,47.380001,37.349998,99.650002
2016-06-10,24.07,46.200001,36.830002,98.830002
2016-06-13,23.889999,46.790001,36.470001,97.339996
2016-06-14,23.879999,46.880001,37.400002,97.459999
2016-06-15,23.959999,47.360001,37.32,97.139999
2016-06-16,23.85,47.549999,37.389999,97.550003
2016-06-17,23.790001,46.720001,36.939999,95.330002
2016-06-20,24.57,47.560001,37.290001,95.099998
2016-06-21,24.700001,47.27,37.400002,95.910004
2016-06-22,24.34,47.23,37.360001,95.550003
2016-06-23,24.85,48.490002,37.779999,96.099998
2016-06-24,23.129999,45.73,36.240002,93.400002
2016-06-27,22.719999,45.240002,35.220001,92.040001
2016-06-28,22.99,45.900002,36.040001,93.589996
2016-06-29,23.309999,46.650002,36.860001,94.400002
2016-06-30,23.41,47.009998,37.560001,95.599998
2016-07-01,23.780001,46.66,37.990002,95.889999
2016-07-05,23.76,47.349998,37.5,94.989998
2016-07-06,23.83,47.650002,37.509998,95.529999
2016-07-07,23.93,48.889999,37.52,95.940002
2016-07-08,24.610001,50.849998,37.740002,96.68
2016-07-11,24.860001,52.02,37.959999,96.980003
2016-07-12,25.129999,52.799999,37.889999,97.419998
2016-07-13,25.120001,52.779999,37.639999,96.870003
2016-07-14,26.08,53.32,37.959999,98.790001
2016-07-15,26.34,52.700001,37.720001,98.779999
2016-07-18,26.49,52.970001,37.950001,99.830002
2016-07-19,26.5,53.52,38.169998,99.870003
2016-07-20,26.99,54.220001,38.900002,99.959999
2016-07-21,29.93,53.220001,38.849998,99.43
2016-07-22,30.49,54.669998,39.380001,98.660004
2016-07-25,30.68,55.68,38.32,97.339996
2016-07-26,31.4,56.630001,38.759998,96.669998
2016-07-27,31.309999,56.060001,38.66,102.949997
2016-07-28,31.17,56.18,38.52,104.339996
2016-07-29,31.16,57.099998,38.189999,104.209999
2016-08-01,31.25,56.73,38.799999,106.050003
2016-08-02,30.790001,56.040001,38.57,104.480003
2016-08-03,30.950001,56.189999,38.389999,105.790001
2016-08-04,31.059999,57.23,38.919998,105.870003
2016-08-05,31.389999,58.200001,38.990002,107.480003
2016-08-08,31.15,58.740002,39.240002,108.370003
2016-08-09,31.110001,58.889999,39.240002,108.809998
2016-08-10,31.120001,58.509998,39.93,108.0
2016-08-11,31.200001,59.700001,41.27,107.93
2016-08-12,30.889999,63.040001,42.939999,108.18
2016-08-15,31.049999,62.98,42.669998,109.480003
2016-08-16,30.83,62.599998,42.490002,109.379997
2016-08-17,30.610001,61.150002,42.700001,109.220001
2016-08-18,30.52,62.099998,42.900002,109.080002
2016-08-19,30.629999,62.259998,43.02,109.360001
2016-08-22,30.620001,62.52,42.52,108.510002
2016-08-23,30.67,62.91,42.599998,108.849998
2016-08-24,31.25,61.939999,41.91,108.029999
2016-08-25,31.34,61.529999,42.029999,107.57
2016-08-26,31.309999,62.029999,42.27,106.940002
2016-08-29,31.4,61.990002,42.259998,106.82
2016-08-30,31.77,61.630001,42.580002,106.0
2016-08-31,32.16,61.34,42.75,106.099998
2016-09-01,32.130001,63.150002,42.93,106.730003
2016-09-02,32.279999,62.529999,43.279999,107.730003
2016-09-06,32.41,63.119999,44.709999,107.699997
2016-09-07,32.509998,62.189999,44.349998,108.360001
2016-09-08,32.700001,62.639999,44.360001,105.519997
2016-09-09,31.889999,59.52,42.919998,103.129997
2016-09-12,32.490002000000004,60.75,43.459999,105.440002
2016-09-13,31.91,59.869999,43.040001,107.949997
2016-09-14,31.799999,60.400002,43.459999,111.769997
2016-09-15,31.98,62.689999,43.990002,115.57
2016-09-16,31.77,62.84,43.669998,114.919998
2016-09-19,31.57,63.669998,43.189999,113.580002
2016-09-20,31.360001,63.09,42.790001,113.57
2016-09-21,31.969999,64.860001,44.139999,113.550003
2016-09-22,32.279999,65.019997,44.150002,114.620003
2016-09-23,32.07,64.949997,42.799999,112.709999
2016-09-26,31.67,64.339996,42.290001,112.879997
2016-09-27,31.940001,66.540001,43.369999,113.089996
2016-09-28,31.85,66.779999,43.689999,113.949997
2016-09-29,32.299999,67.400002,42.57,112.18
2016-09-30,32.900002,68.519997,43.099998,113.050003
2016-10-03,32.549999,68.449997,43.130001,112.519997
2016-10-04,32.560001,68.300003,43.18,113.0
2016-10-05,32.150002,68.230003,43.709999,113.050003
2016-10-06,32.130001,67.339996,43.68,113.889999
2016-10-07,31.620001,66.849998,43.220001,114.059998
2016-10-10,31.950001,67.099998,43.919998,116.050003
2016-10-11,31.459999,66.129997,42.68,116.300003
2016-10-12,31.5,66.43,42.360001,117.339996
2016-10-13,31.51,65.349998,41.619999,116.980003
2016-10-14,31.889999,65.989998,41.439999,117.629997
2016-10-17,31.809999,65.610001,41.790001,117.550003
2016-10-18,31.639999,66.610001,41.68,117.470001
2016-10-19,32.52,66.470001,42.73,117.120003
2016-10-20,29.02,67.730003,42.380001,117.059998
2016-10-21,29.059999,67.540001,42.169998,116.599998
2016-10-24,29.219999,70.709999,42.59,117.650002
2016-10-25,29.049999,71.870003,42.549999,118.25
2016-10-26,28.82,72.160004,42.080002,115.589996
2016-10-27,28.809999,70.68,41.869999,114.480003
2016-10-28,28.6,70.559998,41.779999,113.720001
2016-10-31,28.51,71.160004,41.549999,113.540001
2016-11-01,28.379999,69.050003,41.330002,111.489998
2016-11-02,28.26,68.760002,40.68,111.589996
2016-11-03,28.059999,67.959999,40.23,109.830002
2016-11-04,27.950001,67.57,40.279999,108.839996
2016-11-07,28.24,71.269997,41.049999,110.410004
2016-11-08,28.030001,71.160004,41.16,111.059998
2016-11-09,28.290001,69.959999,41.209999,110.879997
2016-11-10,28.16,67.769997,40.16,107.790001
2016-11-11,28.639999,87.970001,40.419998,108.43
2016-11-14,27.889999,83.639999,39.299999,105.709999
2016-11-15,28.49,86.190002,40.209999,107.110001
2016-11-16,28.33,91.629997,40.98,109.989998
2016-11-17,28.870001,92.389999,41.450001,109.949997
2016-11-18,28.690001,93.360001,41.189999,110.059998
2016-11-21,29.0,92.980003,41.110001,111.730003
2016-11-22,29.059999,93.650002,41.009998,111.800003
2016-11-23,28.9,93.970001,40.959999,111.230003
2016-11-25,28.950001,94.160004,40.869999,111.790001
2016-11-28,28.57,94.110001,41.450001,111.57
2016-11-29,28.51,93.25,41.599998,111.459999
2016-11-30,27.809999,92.199997,41.02,110.519997
2016-12-01,27.389999,87.639999,39.630001,109.489998
2016-12-02,28.42,88.449997,40.07,109.900002
2016-12-05,28.35,91.879997,40.200001,109.110001
2016-12-06,28.209999,93.389999,39.970001,109.949997
2016-12-07,28.91,95.07,40.52,111.029999
2016-12-08,29.42,93.480003,41.41,112.120003
2016-12-09,29.969999,91.82,41.759998,113.949997
2016-12-12,30.209999,89.589996,41.299999,113.300003
2016-12-13,29.82,91.169998,41.470001,115.190002
2016-12-14,29.82,96.449997,40.91,115.190002
2016-12-15,29.73,98.709999,38.41,115.82
2016-12-16,29.610001,100.410004,38.610001,115.970001
2016-12-19,29.379999,101.629997,38.419998,116.639999
2016-12-20,29.26,105.169998,39.16,116.949997
2016-12-21,29.360001,105.830002,39.150002,117.059998
2016-12-22,29.540001,107.110001,38.5,116.290001
2016-12-23,29.790001,109.779999,38.66,116.519997
2016-12-27,30.24,117.32,38.919998,117.260002
2016-12-28,30.01,109.25,38.73,116.760002
2016-12-29,29.98,111.43,38.639999,116.730003
2016-12-30,29.690001,106.739998,38.669998,115.82