2010-01-04,
2010-01-05,
2010-01-06,
2010-01-07,
2010-01-08,
2010-01-11,
2010-01-12,
2010-01-13,
2010-01-14,
2010-01-15,
2010-01-19,
2010-01-20,
2010-01-21,
2010-01-22,
2010-01-25,
2010-01-26,
2010-01-27,
2010-01-28,
2010-01-29,
2010-02-01,-0.06251473610764964
2010-02-02,-0.05244558013364709
2010-02-03,-0.03157501734888549
2010-02-04,-0.06366352502302766
2010-02-05,-0.04248527299072833
2010-02-08,-0.04498188844638194
2010-02-09,-0.030785129083868986
2010-02-10,-0.03317264928548557
2010-02-11,-0.011579128300490567
2010-02-12,-0.000254747006330574
2010-02-16,0.016293927178068112
2010-02-17,0.01515433163074679
2010-02-18,0.019527627759862755
2010-02-19,0.014576276817518748
2010-02-22,0.007242209991575013
2010-02-23,-0.008949302449194781
2010-02-24,0.011533355516559875
2010-02-25,0.020242727803351828
2010-02-26,0.03273157119414525
2010-03-01,0.051279838430676156
2010-03-02,0.04662418985500876
2010-03-03,0.045447729787747096
2010-03-04,0.049553429609931254
2010-03-05,0.08528803069782259
2010-03-08,0.07931813238376156
2010-03-09,0.09166372691016653
2010-03-10,0.09301733444449471
2010-03-11,0.08795295744091143
2010-03-12,0.08586218449375191
2010-03-15,0.06558960581442351
2010-03-16,0.06304932718875421
2010-03-17,0.055723056357378835
2010-03-18,0.05268935090302383
2010-03-19,0.03557406124216307
2010-03-22,0.04164635457327782
2010-03-23,0.051276733695891176
2010-03-24,0.04888674976407332
2010-03-25,0.029665607205482048
2010-03-26,0.0434768023042218
2010-03-29,0.044765735563987316
2010-03-30,0.054447742079819596
2010-03-31,0.04413186779580541
2010-04-01,0.042519919976914546
2010-04-05,0.049499832045538684
2010-04-06,0.049402855578104005
2010-04-07,0.05004688674919943
2010-04-08,0.043432805813048425
2010-04-09,0.04796825190056517
2010-04-12,0.0465091673664445
2010-04-13,0.042740398491745206
2010-04-14,0.052478390324933434
2010-04-15,0.06115438049387581
2010-04-16,0.04896244551483001
2010-04-19,0.0417168065989465
2010-04-20,0.026177733468678733
2010-04-21,0.0836742056072702
2010-04-22,0.10671424067197613
2010-04-23,0.11511601728890881
2010-04-26,0.1001205219253891
2010-04-27,0.06120721112953634
2010-04-28,0.05354415459907178
2010-04-29,0.07583063380647077
2010-04-30,0.03844417012700305
2010-05-03,0.054376736918455515
2010-05-04,0.01832598716769963
2010-05-05,0.003975588216993134
2010-05-06,-0.03741114294544255
2010-05-07,-0.07887070797153971
2010-05-10,-0.006752929618998679
2010-05-11,0.0007597115489865417
2010-05-12,0.020221239021979615
2010-05-13,0.0029954411157743664
2010-05-14,-0.016831372362804575
2010-05-17,-0.016635154319358976
2010-05-18,-0.02573998122771837
2010-05-19,-0.03992139100547702
2010-05-20,-0.07742014897976371
2010-05-21,-0.05333243071393437
2010-05-24,-0.030568997353270146
2010-05-25,-0.033565626765763974
2010-05-26,-0.03466041303853552
2010-05-27,0.007020759700906285
2010-05-28,0.022707921078316404
2010-06-01,0.040498622820739384
2010-06-02,0.05246974325010173
2010-06-03,0.047410489390128326
2010-06-04,0.015319915111814684
2010-06-07,-0.008752657044982766
2010-06-08,-0.014487446510765034
2010-06-09,-0.037277121784021976
2010-06-10,-0.00442179874197425
2010-06-11,0.009157785957575158
2010-06-14,0.012288718517917229
2010-06-15,0.03381294427030084
2010-06-16,0.06227742189592298
2010-06-17,0.07638301200856105
2010-06-18,0.07743514441881083
2010-06-21,0.05517151800533941
2010-06-22,0.06442198339869652
2010-06-23,0.04709497852233136
2010-06-24,0.03383473429981004
2010-06-25,0.021760742883892945
2010-06-28,0.025859293138828673
2010-06-29,-0.02199059641523399
2010-06-30,-0.038201677126766684
2010-07-01,-0.04764287087919401
2010-07-02,-0.052115059611219226
2010-07-06,-0.044856095209168584
2010-07-07,-0.006145422600249247
2010-07-08,-0.011466396831557781
2010-07-09,-0.007123386353031293
2010-07-12,-0.017242680559156974
2010-07-13,-0.038794210963970094
2010-07-14,-0.033712295090959084
2010-07-15,-0.03578894561745698
2010-07-16,-0.03776702383546475
2010-07-19,-0.0497464938300684
2010-07-20,-0.020424864128788266
2010-07-21,-0.0068219128059915845
2010-07-22,0.015343484822239496
2010-07-23,0.02105215768223025
2010-07-26,0.019885041858776965
2010-07-27,0.0407093950738917
2010-07-28,0.026729249354524375
2010-07-29,0.013536975041837606
2010-07-30,0.008153510380684336
2010-08-02,0.02400313779517887
2010-08-03,0.02153640783954804
2010-08-04,0.024945632937152067
2010-08-05,0.01893484183653526
2010-08-06,0.012234828806155932
2010-08-09,0.01811133236554074
2010-08-10,0.006958478537544524
2010-08-11,-0.030154600554401986
2010-08-12,-0.02370128853774833
2010-08-13,-0.03450406166561643
2010-08-16,-0.04085158172029709
2010-08-17,-0.02323455722071889
2010-08-18,-0.018515835846313868
2010-08-19,-0.02970923174965534
2010-08-20,-0.028644114113399025
2010-08-23,-0.04169380947666243
2010-08-24,-0.06105730855767497
2010-08-25,-0.04533855256562935
2010-08-26,-0.05261411536090467
2010-08-27,-0.04396393489425439
2010-08-30,-0.0364225221855655
2010-08-31,-0.030097212403896633
2010-09-01,0.0029352535954663785
2010-09-02,0.012735161973306767
2010-09-03,0.04098405282786499
2010-09-07,0.03777694935914865
2010-09-08,0.05870537708155685
2010-09-09,0.056459118517374
2010-09-10,0.055308516976744944
2010-09-13,0.06663300472350196
2010-09-14,0.06635815722737243
2010-09-15,0.07134162887590817
2010-09-16,0.09260740520491187
2010-09-17,0.08186292725987822
2010-09-20,0.10685419814978647
2010-09-21,0.10049208542482364
2010-09-22,0.10603000333359415
2010-09-23,0.10053946180736972
2010-09-24,0.10273730290385394
2010-09-27,0.08741516632456803
2010-09-28,0.06120533275153797
2010-09-29,0.05411071044644638
2010-09-30,0.03344200202403852
2010-10-01,0.022770903758941804
2010-10-04,0.004180477536536887
2010-10-05,0.03720229809058585
2010-10-06,0.03302148423566151
2010-10-07,0.02807998111808782
2010-10-08,0.04029675969893411
2010-10-11,0.03962818709446363
2010-10-12,0.045533560254223386
2010-10-13,0.045678543295893326
2010-10-14,0.04870623194620497
2010-10-15,0.08648160671856386
2010-10-18,0.09148649041923435
2010-10-19,0.0557488542404414
2010-10-20,0.05517798707612973
2010-10-21,0.047696969472993594
2010-10-22,0.037578496817309175
2010-10-25,0.039191296121161824
2010-10-26,0.03251394213044437
2010-10-27,0.02802623843442311
2010-10-28,0.015080312902813475
2010-10-29,-0.003050831780402599
2010-11-01,0.0036398492330849495
2010-11-02,0.018036983914666162
2010-11-03,0.025773812947779393
2010-11-04,0.03948125230993494
2010-11-05,0.03146717265914318
2010-11-08,0.032465709439013814
2010-11-09,0.020739353877661706
2010-11-10,0.02426164057082656
2010-11-11,0.01710688880374361
2010-11-12,-0.010900704097841085
2010-11-15,-0.0124155482805964
2010-11-16,-0.029542816469373494
2010-11-17,-0.031584017701006176
2010-11-18,-0.004505088103092977
2010-11-19,-0.010153417279165966
2010-11-22,0.01160467808724948
2010-11-23,-0.0042404641131932545
2010-11-24,0.015182232132559044
2010-11-26,0.0141815979985949
2010-11-29,0.017784310107247618
2010-11-30,-0.0027277082380102696
2010-12-01,0.013793037202040975
2010-12-02,0.01878179459510262
2010-12-03,0.016528778120382392
2010-12-06,0.025153358007863436
2010-12-07,0.018678637392850434
2010-12-08,0.027273494502974022
2010-12-09,0.022760031455018797
2010-12-10,0.024782301761376427
2010-12-13,0.026167436885900966
2010-12-14,0.01926133914535587
2010-12-15,0.016300946029175464
2010-12-16,0.015756168919398
2010-12-17,0.011574464159400225
2010-12-20,0.014284810391099266
2010-12-21,0.0190549516728836
2010-12-22,0.01946338306812563
2010-12-23,0.012840925813198125
2010-12-27,0.014783584601283565
2010-12-28,0.015947506577835998
2010-12-29,0.0130024283507392
2010-12-30,0.0064598588685991385
2010-12-31,0.0021355655467856123
2011-01-03,0.02305781416666687
2011-01-04,0.02681679787360779
2011-01-05,0.0330121284640704
2011-01-06,0.029999027028090115
2011-01-07,0.035026645887428334
2011-01-10,0.05186622756079429
2011-01-11,0.04586479847043581
2011-01-12,0.05076070661877985
2011-01-13,0.05054616698994993
2011-01-14,0.05493325249029498
2011-01-18,0.02667109557788787
2011-01-19,0.018237629244223442
2011-01-20,-0.002583126029359961
2011-01-21,-0.021612953845333988
2011-01-24,0.010022128161122234
2011-01-25,0.019793375785235868
2011-01-26,0.024545889055386228
2011-01-27,0.019670998184378213
2011-01-28,-0.004495895209104527
2011-01-31,0.0029245611460549446
2011-02-01,0.018257151892479954
2011-02-02,0.013997718420841954
2011-02-03,0.009790977513855258
2011-02-04,0.017259489695784374
2011-02-07,0.03139989602673838
2011-02-08,0.039618862995100104
2011-02-09,0.04609717537597025
2011-02-10,0.03334145002765124
2011-02-11,0.038662540234323764
2011-02-14,0.044105524876776804
2011-02-15,0.04324096043510668
2011-02-16,0.04923253311284323
2011-02-17,0.03050477684455349
2011-02-18,0.003446981354950546
2011-02-22,-0.032669434818990144
2011-02-23,-0.02080302963741331
2011-02-24,-0.01987860063073904
2011-02-25,-0.004736285586571167
2011-02-28,0.00787106225719484
2011-03-01,-0.005332370734482275
2011-03-02,0.0020264150856325464
2011-03-03,0.022004482779225173
2011-03-04,0.020793408196636897
2011-03-07,0.0056104891486311375
2011-03-08,0.006220918018257522
2011-03-09,-0.0031675383779810134
2011-03-10,-0.018739632690088662
2011-03-11,-0.00251167280099787
2011-03-14,0.0026642688892157067
2011-03-15,-0.019569295573946457
2011-03-16,-0.061306611161411034
2011-03-17,-0.04339375319109136
2011-03-18,-0.051365561964163475
2011-03-21,-0.023675501870012505
2011-03-22,-0.018310850221388796
2011-03-23,-0.023884080180122034
2011-03-24,-0.006695332820159204
2011-03-25,0.012711880709181325
2011-03-28,0.009798704710699678
2011-03-29,0.011123767540556453
2011-03-30,0.004587725598313586
2011-03-31,0.005909366244059173
2011-04-01,-0.003752658217926917
2011-04-04,-0.011872578705332414
2011-04-05,-0.016349098360016256
2011-04-06,-0.016776531609884925
2011-04-07,-0.015359359275608228
2011-04-08,-0.02206975921379558
2011-04-11,-0.03175172126453433
2011-04-12,-0.02487077870991167
2011-04-13,-0.01429220792928657
2011-04-14,-0.02539596230759076
2011-04-15,-0.04019711957559234
2011-04-18,-0.025549929694628257
2011-04-19,-0.006466403810340217
2011-04-20,0.007120976859435826
2011-04-21,0.031913035719381436
2011-04-25,0.03884524936594746
2011-04-26,0.030813047221073687
2011-04-27,0.03010486217890143
2011-04-28,0.019862398262653434
2011-04-29,0.030084308270374085
2011-05-02,0.017879712476469075
2011-05-03,0.022718187344549962
2011-05-04,0.0252664964411526
2011-05-05,0.015188717161287876
2011-05-06,0.013571159434205175
2011-05-09,0.014508564733459243
2011-05-10,0.017282733060466224
2011-05-11,0.008186392073450982
2011-05-12,0.004566021478859149
2011-05-13,-0.015154402050224915
2011-05-16,-0.03788919731890524
2011-05-17,-0.029904867530987783
2011-05-18,-0.018883843182656332
2011-05-19,-0.01659904529528442
2011-05-20,-0.03043483922479634
2011-05-23,-0.030180204063132845
2011-05-24,-0.03422793922730488
2011-05-25,-0.018185356504909454
2011-05-26,-0.02187825549483811
2011-05-27,-0.012545769270362817
2011-05-31,0.019341765192086392
2011-06-01,0.012600626469724105
2011-06-02,0.01496539166490852
2011-06-03,0.007265842735386976
2011-06-06,-0.008078691554399593
2011-06-07,-0.024244052687410998
2011-06-08,-0.02102015449483551
2011-06-09,-0.02095411478786649
2011-06-10,-0.035202354500205146
2011-06-13,-0.030925611520264237
2011-06-14,-0.012564228061117216
2011-06-15,-0.028903377806183458
2011-06-16,-0.03164152766109319
2011-06-17,-0.04393093251153388
2011-06-20,-0.056460392240705454
2011-06-21,-0.02366322073228527
2011-06-22,-0.030681824896014422
2011-06-23,-0.002546931613773742
2011-06-24,-0.01665482259603623
2011-06-27,0.0022479310283528586
2011-06-28,0.014512320763491841
2011-06-29,0.012473372954108402
2011-06-30,0.019375040785717567
2011-07-01,0.04372083670255826
2011-07-05,0.061594575884835995
2011-07-06,0.0657098958169163
2011-07-07,0.07883330997294467
2011-07-08,0.0819921379145118
2011-07-11,0.05914758266392784
2011-07-12,0.05385248537984766
2011-07-13,0.06302135380382322
2011-07-14,0.05711336511854235
2011-07-15,0.0727992144010369
2011-07-18,0.09136341004049321
2011-07-19,0.09046891031178235
2011-07-20,0.11082900577886043
2011-07-21,0.10125026444149567
2011-07-22,0.10903500506092527
2011-07-25,0.11264263943836024
2011-07-26,0.11545779031094495
2011-07-27,0.07487917058749982
2011-07-28,0.06379560371916242
2011-07-29,0.05171893697500859
2011-08-01,0.06150106607365062
2011-08-02,0.03363771423981449
2011-08-03,0.037971217683783226
2011-08-04,-0.007105327300568337
2011-08-05,-0.01937005616804426
2011-08-08,-0.07544544757000514
2011-08-09,-0.02092701408892417
2011-08-10,-0.05003524460866181
2011-08-11,-0.024682703591745812
2011-08-12,-0.017281405639458937
2011-08-15,-0.0009832615674885002
2011-08-16,-0.00950876890500073
2011-08-17,-0.00874096239938986
2011-08-18,-0.04533816505953824
2011-08-19,-0.06798431726757546
2011-08-22,-0.061418946720682405
2011-08-23,-0.009787163968358941
2011-08-24,-0.00030068437715923224
2011-08-25,-0.00466080224542611
2011-08-26,0.02400530834585486
2011-08-29,0.04299406738600489
2011-08-30,0.04289194697849512
2011-08-31,0.029467192917364434
2011-09-01,0.018232224803102094
2011-09-02,-0.001461213929213293
2011-09-06,0.010768867561881477
2011-09-07,0.02110182578492423
2011-09-08,0.018774024402312
2011-09-09,-0.00034569801718883116
2011-09-12,0.006100245977192771
2011-09-13,0.018985923258905055
2011-09-14,0.03078975025751935
2011-09-15,0.039197609029280656
2011-09-16,0.05518526384358496
2011-09-19,0.07786248444982592
2011-09-20,0.07445572273170455
2011-09-21,0.06524520817877348
2011-09-22,0.03351566484832957
2011-09-23,0.035953632072361526
2011-09-26,0.030179596780446103
2011-09-27,0.01838095709974513
2011-09-28,0.011383292403158156
2011-09-29,-0.006644811107363197
2011-09-30,-0.03140772205269907
2011-10-03,-0.049401111537862794
2011-10-04,-0.054080761657431746
2011-10-05,-0.03800979451752232
2011-10-06,-0.03949057105092406
2011-10-07,-0.05874441408105298
2011-10-10,-0.009011937370492534
2011-10-11,0.01967482314248951
2011-10-12,0.023007478149599227
2011-10-13,0.03759734287777731
2011-10-14,0.0709357868978982
2011-10-17,0.06436071073130167
2011-10-18,0.06913011870562623
2011-10-19,0.007966526541609776
2011-10-20,2.2661609109522537e-05
2011-10-21,-0.004958836703595682
2011-10-24,0.029126636734643933
2011-10-25,0.007960884462634365
2011-10-26,0.01502929558919233
2011-10-27,0.024022727633525393
2011-10-28,0.021501276190964605
2011-10-31,0.016974653154120653
2011-11-01,-0.00803712784414686
2011-11-02,-0.00817023899990853
2011-11-03,0.003314538381727543
2011-11-04,-0.00805342756719629
2011-11-07,-0.010792249869413703
2011-11-08,0.0053665342464658105
2011-11-09,-0.022247814101499973
2011-11-10,-0.04549781131056556
2011-11-11,-0.04239134530297578
2011-11-14,-0.05133947021530272
2011-11-15,-0.021867030694999845
2011-11-16,-0.03082401873826963
2011-11-17,-0.048032557022895696
2011-11-18,-0.052317748800899934
2011-11-21,-0.06346519563246142
2011-11-22,-0.04074527213707459
2011-11-23,-0.06196979281121492
2011-11-25,-0.06597427857829095
2011-11-28,-0.028296040098211964
2011-11-29,-0.032067849841621074
2011-11-30,-0.005561209092446897
2011-12-01,0.0114543301875521
2011-12-02,0.018184670356003088
2011-12-05,0.02832329675972904
2011-12-06,0.023880710665671302
2011-12-07,0.021160241539593456
2011-12-08,0.0261580642193769
2011-12-09,0.03315621105068604
2011-12-12,0.027206975438547224
2011-12-13,0.01749776094851338
2011-12-14,-0.005057597507829636
2011-12-15,-0.007702872046810533
2011-12-16,-0.002466519545266085
2011-12-19,-0.0001886091287395867
2011-12-20,0.03387451515085759
2011-12-21,0.03242189696537492
2011-12-22,0.03371666203452515
2011-12-23,0.041142936716205766
2011-12-27,0.04553816008050811
2011-12-28,0.03088272197936292
2011-12-29,0.03438323917888647
2011-12-30,0.03169358090755547
2012-01-03,0.045419329392116535
2012-01-04,0.048481564063045775
2012-01-05,0.05694897057888901
2012-01-06,0.0639008652946988
2012-01-09,0.05776272454019729
2012-01-10,0.05762544224102958
2012-01-11,0.05155856242924005
2012-01-12,0.044057850604223396
2012-01-13,0.03458480132748593
2012-01-17,0.041116711368314095
2012-01-18,0.04603237312512857
2012-01-19,0.036480391382133825
2012-01-20,0.014314758728611045
2012-01-23,0.028358128491627246
2012-01-24,0.007832723474975854
2012-01-25,0.06845830038302564
2012-01-26,0.05825559983914537
2012-01-27,0.058992585190739855
2012-01-30,0.06695366453969992
2012-01-31,0.06876575747944517
2012-02-01,0.06216412540053808
2012-02-02,0.054150405151591745
2012-02-03,0.05991988518161105
2012-02-06,0.0649934006970427
2012-02-07,0.07068535454836576
2012-02-08,0.08267988099453373
2012-02-09,0.11293192035991033
2012-02-10,0.1040831699604825
2012-02-13,0.1149589507401433
2012-02-14,0.11999026102953925
2012-02-15,0.08399350495845957
2012-02-16,0.08518396297479261
2012-02-17,0.07497568959227456
2012-02-21,0.09302777476075562
2012-02-22,0.07781153790590849
2012-02-23,0.07694489955830808
2012-02-24,0.08098517806907735
2012-02-27,0.07908789687546822
2012-02-28,0.09032537343662296
2012-02-29,0.09537489533059089
2012-03-01,0.08948698959645067
2012-03-02,0.08073803395825067
2012-03-05,0.047565325037029954
2012-03-06,0.034465590113906715
2012-03-07,0.028815303786318337
2012-03-08,0.04496321945813593
2012-03-09,0.04591296182435444
2012-03-12,0.0535112557914187
2012-03-13,0.07888507981675046
2012-03-14,0.11315353006080871
2012-03-15,0.09555765213654663
2012-03-16,0.0866574926412528
2012-03-19,0.10645872152274097
2012-03-20,0.10616160555931506
2012-03-21,0.09011348649992976
2012-03-22,0.07557636278109862
2012-03-23,0.06195567511823095
2012-03-26,0.07434788537863105
2012-03-27,0.08041942795713107
2012-03-28,0.07874877652705055
2012-03-29,0.05807990278180535
2012-03-30,0.034085079774054845
2012-04-02,0.06060174948240664
2012-04-03,0.07039375987926157
2012-04-04,0.05257883560745837
2012-04-05,0.06062887291225868
2012-04-09,0.05665814742146928
2012-04-10,0.03609208697169975
2012-04-11,0.027021741163574666
2012-04-12,0.018177672007034327
2012-04-13,-0.01365691461522229
2012-04-16,-0.05615392759175877
2012-04-17,-0.006260483321368367
2012-04-18,-0.008795094680706786
2012-04-19,-0.043327877055194496
2012-04-20,-0.0659238591236561
2012-04-23,-0.06616211850882553
2012-04-24,-0.08203172059011274
2012-04-25,0.004123096140196951
2012-04-26,0.000997847296393225
2012-04-27,-0.006557875443736042
2012-04-30,-0.03818110033911022
2012-05-01,-0.03833955623143102
2012-05-02,-0.027991414278378507
2012-05-03,-0.031651453052053656
2012-05-04,-0.05493640048135361
2012-05-07,-0.041879661486975875
2012-05-08,-0.03904982160148431
2012-05-09,-0.032361007735126485
2012-05-10,-0.02540980055470189
2012-05-11,-0.028887620869243347
2012-05-14,-0.04227692051589914
2012-05-15,-0.04650868895712275
2012-05-16,-0.05399480781966054
2012-05-17,-0.07816690976432254
2012-05-18,-0.07408280264553364
2012-05-21,-0.016404492811294767
2012-05-22,-0.024047329522247418
2012-05-23,0.004679225599112713
2012-05-24,-0.0011094262953073222
2012-05-25,-0.0029695973107172788
2012-05-29,0.016784701924657128
2012-05-30,0.02999407108340481
2012-05-31,0.02808853420760338
2012-06-01,-0.001318320459141371
2012-06-04,0.004957496500698382
2012-06-05,0.0028452912668091154
2012-06-06,0.01873325056660548
2012-06-07,0.018978729164270087
2012-06-08,0.03419009369165734
2012-06-11,0.016586114039566006
2012-06-12,0.024225027202557658
2012-06-13,0.014931251476307673
2012-06-14,0.011351177976581105
2012-06-15,0.01204886488153415
2012-06-18,0.028410616029465943
2012-06-19,0.02894302027143459
2012-06-20,0.023146354273431716
2012-06-21,0.007643804446479767
2012-06-22,0.014221240560892351
2012-06-25,-0.007322859234686046
2012-06-26,-0.00499486275772247
2012-06-27,-4.4912280153841884e-05
2012-06-28,-0.009237839329972922
2012-06-29,0.01604095168334077
2012-07-02,0.029006818377826225
2012-07-03,0.03815508640172292
2012-07-05,0.05370802614809047
2012-07-06,0.043069315258050356
2012-07-09,0.05441716455432494
2012-07-10,0.04064240579623879
2012-07-11,0.03119862605671361
2012-07-12,0.018811926949367744
2012-07-13,0.02662204919445214
2012-07-16,0.027085148339155107
2012-07-17,0.025206372174307448
2012-07-18,0.022282877444843842
2012-07-19,0.03399072871857656
2012-07-20,0.013833998440943436
2012-07-23,0.011063489783964665
2012-07-24,0.0032678841063802874
2012-07-25,-0.04248770179956956
2012-07-26,-0.042677001625085635
2012-07-27,-0.026055873173788838
2012-07-30,-0.009728762538932659
2012-07-31,0.016226224279193072
2012-08-01,0.00865139236280627
2012-08-02,0.010557080879007886
2012-08-03,0.023537817815245398
2012-08-06,0.034761335766135534
2012-08-07,0.030742425722129606
2012-08-08,0.027519852258341797
2012-08-09,0.02708379445734156
2012-08-10,0.027278891067856866
2012-08-13,0.0396563275078234
2012-08-14,0.04036156682253681
2012-08-15,0.03665999184913913
2012-08-16,0.044223666994974084
2012-08-17,0.060603110959146445
2012-08-20,0.08435282985537132
2012-08-21,0.0636719430964212
2012-08-22,0.07698858024691493
2012-08-23,0.05850994702026563
2012-08-24,0.05259647029838573
2012-08-27,0.06629807150418203
2012-08-28,0.05919802679787792
2012-08-29,0.0512058920780481
2012-08-30,0.030660281670834736
2012-08-31,0.028738124227091304
2012-09-04,0.040170621774774797
2012-09-05,0.028356963425010064
2012-09-06,0.033420764246986145
2012-09-07,0.035168951526485234
2012-09-10,0.0035216757917965334
2012-09-11,-0.0023368985343401806
2012-09-12,0.009239085446826235
2012-09-13,0.025943865777762597
2012-09-14,0.0345968066444479
2012-09-17,0.043768892223361416
2012-09-18,0.04410741618049983
2012-09-19,0.040654506159240114
2012-09-20,0.03293730191403332
2012-09-21,0.032095578341132844
2012-09-24,0.015480180564192838
2012-09-25,-0.011033962799564806
2012-09-26,-0.023213975731154114
2012-09-27,0.0011283351920641938
2012-09-28,-0.021087500033709915
2012-10-01,-0.032540290250111105
2012-10-02,-0.02855451912403131
2012-10-03,-0.012978464125711117
2012-10-04,-0.019448212963487775
2012-10-05,-0.03933031647855556
2012-10-08,-0.059818433887200165
2012-10-09,-0.06160502874435523
2012-10-10,-0.0516373110297406
2012-10-11,-0.0675373329117838
2012-10-12,-0.06050922816056566
2012-10-15,-0.04773544924184387
2012-10-16,-0.019991509943736867
2012-10-17,-0.0237502480463205
2012-10-18,-0.03772976217651111
2012-10-19,-0.06737354569301258
2012-10-22,-0.024020784699473618
2012-10-23,-0.05280671775793906
2012-10-24,-0.04341920473046011
2012-10-25,-0.04972251472742651
2012-10-26,-0.05389095783837235
2012-10-31,-0.06320949631376989
2012-11-01,-0.05613115713761407
2012-11-02,-0.08163562658034461
2012-11-05,-0.06211143456392134
2012-11-06,-0.05955375371605646
2012-11-07,-0.09540019461113841
2012-11-08,-0.12239904257393272
2012-11-09,-0.09922359524568287
2012-11-12,-0.09986691323530103
2012-11-13,-0.09287257056039669
2012-11-14,-0.09562551881575822
2012-11-15,-0.1056401552879318
2012-11-16,-0.0924641900727243
2012-11-19,-0.01769071456265305
2012-11-20,-0.0221180768708557
2012-11-21,-0.014126245454533231
2012-11-23,0.007884160510312726
2012-11-26,0.04407441048333462
2012-11-27,0.03759729174956361
2012-11-28,0.03619237393670304
2012-11-29,0.04881877530322966
2012-11-30,0.04225899321060279
2012-12-03,0.04305056222131682
2012-12-04,0.024501123751551734
2012-12-05,-0.040803960883566415
2012-12-06,-0.02400392293151513
2012-12-07,-0.04980129381066663
2012-12-10,-0.05468895361978994
2012-12-11,-0.032863988837837955
2012-12-12,-0.03699677958990871
2012-12-13,-0.05381911768835476
2012-12-14,-0.08971464024200385
2012-12-17,-0.07201253212409528
2012-12-18,-0.040823202036015784
2012-12-19,-0.05203801752683259
2012-12-20,-0.05712398878277325
2012-12-21,-0.056997178127268795
2012-12-24,-0.04909239204826177
2012-12-26,-0.056333429964423726
2012-12-27,-0.04608474256352978
2012-12-28,-0.0493302969258775
2012-12-31,0.0002275090449741525
2013-01-02,0.037460268159725085
2013-01-03,0.027104853378278546
2013-01-04,-0.001834246084902221
2013-01-07,-0.0056996275606696345
2013-01-08,-0.002091574244304356
2013-01-09,-0.017244639837255146
2013-01-10,-0.002639157200591757
2013-01-11,-0.007212581804484895
2013-01-14,-0.04170428780767573
2013-01-15,-0.0711874583412286
2013-01-16,-0.02942011584763145
2013-01-17,-0.033246001560038485
2013-01-18,-0.03609467521242513
2013-01-22,-0.024748799279644886
2013-01-23,-0.005423925472784209
2013-01-24,-0.1277645372947484
2013-01-25,-0.1428673971032017
2013-01-28,-0.1166686087578297
2013-01-29,-0.09450234513724357
2013-01-30,-0.09035678948829749
2013-01-31,-0.08417577896837206
2013-02-01,-0.07949898547918124
2013-02-04,-0.09533938034951898
2013-02-05,-0.0553008101021877
2013-02-06,-0.04934625080803742
2013-02-07,-0.02034805484273522
2013-02-08,-0.00011633673637436514
2013-02-11,0.015402560614504868
2013-02-12,-0.007638532275867508
2013-02-13,-0.007529787745729238
2013-02-14,-0.004068990459704071
2013-02-15,-0.013795279289507275
2013-02-19,-0.009709324972371277
2013-02-20,-0.028764150110593887
2013-02-21,-0.02758513453228619
2013-02-22,-0.016729207762845477
2013-02-25,-0.03541029019154944
2013-02-26,-0.02118066398493701
2013-02-27,-0.02973795799762531
2013-02-28,-0.03529778966902862
2013-03-01,-0.05765854604341999
2013-03-04,-0.07800984080473472
2013-03-05,-0.05122688136542862
2013-03-06,-0.06038051140692748
2013-03-07,-0.04600749418947463
2013-03-08,-0.0392648372911488
2013-03-11,-0.020616499398872622
2013-03-12,-0.036962610658750984
2013-03-13,-0.032625217045528454
2013-03-14,-0.018743893006077907
2013-03-15,0.010690176589241769
2013-03-18,0.04022166468537885
2013-03-19,0.03794643455852022
2013-03-20,0.031743166431424025
2013-03-21,0.032480022623048006
2013-03-22,0.053172949006899
2013-03-25,0.05456224330815166
2013-03-26,0.04717992501487135
2013-03-27,0.024576880458527843
2013-03-28,0.0019513880013457096
2013-04-01,-0.03057924898587839
2013-04-02,-0.029613048062320638
2013-04-03,-0.024489364424790903
2013-04-04,-0.034857902036689155
2013-04-05,-0.04473272284833451
2013-04-08,-0.03696361839060127
2013-04-09,-0.03388410934613016
2013-04-10,-0.014005976112090271
2013-04-11,-0.017942325239652307
2013-04-12,-0.028396602924528003
2013-04-15,-0.0493218074556339
2013-04-16,-0.03070921518573589
2013-04-17,-0.08090533960741898
2013-04-18,-0.10010863551173133
2013-04-19,-0.09697781293601804
2013-04-22,-0.07007751425369041
2013-04-23,-0.045066999351470155
2013-04-24,-0.04010778211317637
2013-04-25,-0.02754602052389563
2013-04-26,-0.002256866003076738
2013-04-29,0.030159997453086066
2013-04-30,0.0604372420676073
2013-05-01,0.05064992149306242
2013-05-02,0.0640005706894822
2013-05-03,0.07164555588547698
2013-05-06,0.09394007643999862
2013-05-07,0.08450097267305616
2013-05-08,0.09362285917791298
2013-05-09,0.0730240851185343
2013-05-10,0.06056083313004467
2013-05-13,0.06037732472462005
2013-05-14,0.03139939510426841
2013-05-15,-0.008458600562575807
2013-05-16,0.00031017074574925593
2013-05-17,-0.008021894569607287
2013-05-20,0.009908690683766673
2013-05-21,-0.001954629809088903
2013-05-22,-0.002195366907383893
2013-05-23,-0.004315479316596647
2013-05-24,-0.000491603532013397
2013-05-28,-0.010579142361987549
2013-05-29,-0.002554371076558491
2013-05-30,0.011632570217993597
2013-05-31,0.0067688964157824
2013-06-03,0.009014799596744054
2013-06-04,0.007043586497447167
2013-06-05,-0.0012683327302183641
2013-06-06,-0.01400861052674352
2013-06-07,-0.004317505555616396
2013-06-10,-0.009587148146265812
2013-06-11,-0.010635692671852355
2013-06-12,-0.022138687123468233
2013-06-13,-0.014000973393432868
2013-06-14,-0.027527179336917482
2013-06-17,-0.02274427708802121
2013-06-18,-0.021991896915413117
2013-06-19,-0.040954847597575374
2013-06-20,-0.05284707667006837
2013-06-21,-0.057584880090045844
2013-06-24,-0.07906768476301029
2013-06-25,-0.07452691282233093
2013-06-26,-0.08029973918237468
2013-06-27,-0.08425276406587713
2013-06-28,-0.07149905471214932
2013-07-01,-0.035342266081516305
2013-07-02,-0.008558640924498956
2013-07-03,0.00023392966470581235
2013-07-05,-0.00560330131253006
2013-07-08,-0.008216265098612925
2013-07-09,0.012262443026165819
2013-07-10,0.0103233239398832
2013-07-11,0.02756452974282323
2013-07-12,0.02681556855778792
2013-07-15,0.02951633882168271
2013-07-16,0.03676323881951151
2013-07-17,0.03723492547203534
2013-07-18,0.03976577695947743
2013-07-19,0.02143428594743541
2013-07-22,0.02322111841304597
2013-07-23,0.002641092150849644
2013-07-24,0.051970800008403595
2013-07-25,0.041614568752540826
2013-07-26,0.04170524107264936
2013-07-29,0.05195345456293639
2013-07-30,0.05989009721657223
2013-07-31,0.05352749804217765
2013-08-01,0.05907148401979737
2013-08-02,0.06754562184491303
2013-08-05,0.07727936704450417
2013-08-06,0.06160231700437696
2013-08-07,0.055343695836517645
2013-08-08,0.04164346859295812
2013-08-09,0.022625603701911634
2013-08-12,0.04832293023111213
2013-08-13,0.0933450226948135
2013-08-14,0.10558731674079262
2013-08-15,0.095742451331607
2013-08-16,0.09620589565980985
2013-08-19,0.09842122456270688
2013-08-20,0.07314733956681654
2013-08-21,0.06861536096471432
2013-08-22,0.062296593442031915
2013-08-23,0.050959425782610264
2013-08-26,0.048885840524172185
2013-08-27,0.01337561094760794
2013-08-28,0.014174581621270523
2013-08-29,0.012061613803422053
2013-08-30,-0.0003174554980223828
2013-09-03,0.0005529152641987142
2013-09-04,0.018695449659338594
2013-09-05,0.008055709450716637
2013-09-06,0.010352019781581097
2013-09-09,0.021700896516058006
2013-09-10,-0.005671952676920947
2013-09-11,-0.060310875440586345
2013-09-12,-0.04720319013466861
2013-09-13,-0.06039150516676362
2013-09-16,-0.08662666207713135
2013-09-17,-0.0703541079056645
2013-09-18,-0.04655598713093986
2013-09-19,-0.026961682923796276
2013-09-20,-0.03382402191544734
2013-09-23,0.01791645117135185
2013-09-24,0.016089453915185122
2013-09-25,0.0003072401172809348
2013-09-26,0.01108581341020805
2013-09-27,0.004472490223883844
2013-09-30,-0.007526119267240451
2013-10-01,0.01712871794821256
2013-10-02,0.021666477422404767
2013-10-03,0.009465113160594327
2013-10-04,0.010316130832812766
2013-10-07,0.02279402473477317
2013-10-08,0.009281110289012589
2013-10-09,0.019648019268361728
2013-10-10,0.02446876279553598
2013-10-11,0.028299852186718343
2013-10-14,0.030209641365288233
2013-10-15,0.031103093103780875
2013-10-16,0.03230798197654651
2013-10-17,0.036055193043441965
2013-10-18,0.04089778293030775
2013-10-21,0.06431329194577785
2013-10-22,0.05760575822230695
2013-10-23,0.06359447236815181
2013-10-24,0.0732419644012121
2013-10-25,0.055725106766084415
2013-10-28,0.058092680918789365
2013-10-29,0.02720869023276315
2013-10-30,0.04059787547732336
2013-10-31,0.03176972269087115
2013-11-01,0.022286221041356354
2013-11-04,0.03204966360440071
2013-11-05,0.024662169823382953
2013-11-06,0.011792968067016843
2013-11-07,-0.007753647023214332
2013-11-08,0.0058537134485904824
2013-11-11,0.0004412960518510346
2013-11-12,0.00022469049553337894
2013-11-13,-0.0004950770247515826
2013-11-14,0.012311129973184117
2013-11-15,0.0042830180146261315
2013-11-18,-0.00824592012845747
2013-11-19,-0.006362594216806778
2013-11-20,-0.014527823891319522
2013-11-21,-0.001077468882961711
2013-11-22,-0.0031612637494519698
2013-11-25,0.005417554720080623
2013-11-26,0.02323182257304806
2013-11-27,0.04642792428520775
2013-11-29,0.0633104980525733
2013-12-02,0.05024623514721943
2013-12-03,0.07635455673598804
2013-12-04,0.06947345001354063
2013-12-05,0.0702627341633923
2013-12-06,0.049643150107498826
2013-12-09,0.0575408377936609
2013-12-10,0.051004571692866964
2013-12-11,0.03859184077407971
2013-12-12,0.03297784976290234
2013-12-13,0.01851947136737101
2013-12-16,0.021252327745372303
2013-12-17,0.012858611980576688
2013-12-18,0.001747009225096125
2013-12-19,-0.013108956241308712
2013-12-20,-0.007052524247151471
2013-12-23,0.028194489499045752
2013-12-24,0.019344946086654814
2013-12-26,0.009306397756005098
2013-12-27,0.0007956086889231504
2013-12-30,-0.009531605287988526
2013-12-31,0.00176871247958462
2014-01-02,-0.01182764282177682
2014-01-03,-0.032453810974220884
2014-01-06,-0.024706341655514684
2014-01-07,-0.030208691775980335
2014-01-08,-0.021626844334539104
2014-01-09,-0.032094875129850924
2014-01-10,-0.0362803745168225
2014-01-13,-0.02868369404819048
2014-01-14,-0.007585452005070795
2014-01-15,0.013415746638962974
2014-01-16,0.007532542706105589
2014-01-17,-0.017480757647215087
2014-01-21,-0.001854286804983816
2014-01-22,0.002576559541268508
2014-01-23,0.01286663060324834
2014-01-24,-0.004448388595958867
2014-01-27,0.005348055327900812
2014-01-28,-0.0741534023210888
2014-01-29,-0.08041562847795578
2014-01-30,-0.07681916003110796
2014-01-31,-0.07048339384812272
2014-02-03,-0.06506711456159361
2014-02-04,-0.04757111501288858
2014-02-05,-0.03749432271879213
2014-02-06,-0.034699585308120014
2014-02-07,-0.018859848541280505
2014-02-10,3.4826565363523224e-05
2014-02-11,0.013891245389066853
2014-02-12,0.01486947938157267
2014-02-13,0.03319263645730236
2014-02-14,0.033371282890210824
2014-02-18,0.036826337643342914
2014-02-19,0.020771301740912063
2014-02-20,0.010384323380119064
2014-02-21,0.001671159793676366
2014-02-24,0.00816416856833326
2014-02-25,-1.911832776394065e-05
2014-02-26,-0.010592967089224331
2014-02-27,0.007460236559773134
2014-02-28,0.001921918802913945
2014-03-03,0.002240897477085414
2014-03-04,0.006211557388131398
2014-03-05,0.006081362408798402
2014-03-06,0.0010701122881223708
2014-03-07,-0.0013228302291276588
2014-03-10,-0.0014838419722009988
2014-03-11,0.008046941553517614
2014-03-12,0.009011775447296106
2014-03-13,-0.0022631660751573916
2014-03-14,-0.012122192082867241
2014-03-17,-0.0063620746235672114
2014-03-18,0.004347981645512446
2014-03-19,0.0046800665576638015
2014-03-20,-0.00017217595729938307
2014-03-21,0.007367773007644256
2014-03-24,0.018776270050186755
2014-03-25,0.027983901397399442
2014-03-26,0.015370410399428335
2014-03-27,0.00979561659603004
2014-03-28,0.007550417593964951
2014-03-31,0.006420571181615442
2014-04-01,0.015076196474814386
2014-04-02,0.0158320105441489
2014-04-03,0.007620417071404804
2014-04-04,-0.00623129305785579
2014-04-07,-0.021920919026745492
2014-04-08,-0.020761618300300468
2014-04-09,-0.006602516148748404
2014-04-10,-0.01938331947684929
2014-04-11,-0.0265167163966524
2014-04-14,-0.021951064416132184
2014-04-15,-0.02799303892712196
2014-04-16,-0.02474145730322158
2014-04-17,-0.012652314053384931
2014-04-21,-0.00014956022216348032
2014-04-22,0.0016439437105672504
2014-04-23,-0.010144513434414151
2014-04-24,0.0726062401659431
2014-04-25,0.0772375028140231
2014-04-28,0.11507897181539978
2014-04-29,0.10551224809122567
2014-04-30,0.09587594278603928
2014-05-01,0.09337680096000779
2014-05-02,0.08982342925182557
2014-05-05,0.09877291871732097
2014-05-06,0.07875315237464363
2014-05-07,0.06774014877444523
2014-05-08,0.05371770446881854
2014-05-09,0.04298109928532748
2014-05-12,0.049479556477612416
2014-05-13,0.04420363593054305
2014-05-14,0.037120573335204986
2014-05-15,0.021274277317849193
2014-05-16,0.030338335283870345
2014-05-19,0.036307562949597576
2014-05-20,0.029741981017964856
2014-05-21,0.025120130649475058
2014-05-22,0.023233960413276716
2014-05-23,0.03156086986244826
2014-05-27,0.04901908843864422
2014-05-28,0.04323697963733126
2014-05-29,0.059084621343069285
2014-05-30,0.051069567042080856
2014-06-02,0.0401722589051884
2014-06-03,0.052344122494916524
2014-06-04,0.06038753602912807
2014-06-05,0.05973359056503254
2014-06-06,0.0514422040541736
2014-06-09,0.009211828566251603
2014-06-10,0.009211828566251603
2014-06-11,0.009211828566251603
2014-06-12,0.009211828566251603
2014-06-13,0.009211828566251603
2014-06-16,0.009211828566251603
2014-06-17,0.009211828566251603
2014-06-18,0.009211828566251603
2014-06-19,0.009211828566251603
2014-06-20,0.009211828566251603
2014-06-23,0.009211828566251603
2014-06-24,0.009211828566251603
2014-06-25,0.009211828566251603
2014-06-26,0.009211828566251603
2014-06-27,0.009211828566251603
2014-06-30,0.009211828566251603
2014-07-01,0.009211828566251603
2014-07-02,0.009211828566251603
2014-07-03,-0.22473379612079114
2014-07-07,0.040224317526301935
2014-07-08,0.03216742894728828
2014-07-09,0.03195370393298551
2014-07-10,0.02727242310465296
2014-07-11,0.02761038230750084
2014-07-14,0.03856024200168753
2014-07-15,0.023926360705090816
2014-07-16,0.01626409304169735
2014-07-17,-0.0033191045738567414
2014-07-18,0.010327564000689807
2014-07-21,0.00309665889577277
2014-07-22,0.009660817644896073
2014-07-23,0.03341543343220117
2014-07-24,0.027785664493660846
2014-07-25,0.031041283245409373
2014-07-28,0.041998255542071684
2014-07-29,0.03178333074884255
2014-07-30,0.026617147407746275
2014-07-31,-0.0026192101938926522
2014-08-01,0.0020463450763993935
2014-08-04,-0.003670009358012066
2014-08-05,-0.0086992360194973
2014-08-06,-0.010220150171477937
2014-08-07,-0.015179986308285516
2014-08-08,-0.012068836842547481
2014-08-11,0.0019062235762445931
2014-08-12,0.0013289515268638844
2014-08-13,0.013917229272815341
2014-08-14,0.014318181705313786
2014-08-15,0.01760124421598862
2014-08-18,0.027587231941723526
2014-08-19,0.03926763603834464
2014-08-20,0.037795187144506734
2014-08-21,0.03590674623703667
2014-08-22,0.041884734565551425
2014-08-25,0.04284889166195391
2014-08-26,0.03440626982769194
2014-08-27,0.04557379157470208
2014-08-28,0.043132055114455385
2014-08-29,0.04225759093074936
2014-09-02,0.04652219561565968
2014-09-03,-0.0020014371134420886
2014-09-04,-0.01235951859818711
2014-09-05,-0.0057210780987345
2014-09-08,-0.014054483215544816
2014-09-09,-0.0189899368939277
2014-09-10,0.010069104143567707
2014-09-11,0.012365841491909757
2014-09-12,0.012571066093111634
2014-09-15,0.010323103773192559
2014-09-16,0.0013743001762961213
2014-09-17,0.008348847947200828
2014-09-18,0.00990052891104362
2014-09-19,0.0010332475706154038
2014-09-22,0.002213034594750533
2014-09-23,0.018137001227499994
2014-09-24,0.008387359467170837
2014-09-25,-0.029872835172942636
2014-09-26,0.0009621304994506316
2014-09-29,-0.004485357387591673
2014-09-30,0.0035544412045565967
2014-10-01,-0.01302061923648455
2014-10-02,-0.0064072191169970245
2014-10-03,-0.009674168977672037
2014-10-06,-0.010326609735474708
2014-10-07,-0.019805038629234075
2014-10-08,0.0017208152986433443
2014-10-09,0.004237959342531117
2014-10-10,0.0016905581296238973
2014-10-13,-0.006990508077090334
2014-10-14,-0.016995956282082735
2014-10-15,-0.027599084258029937
2014-10-16,-0.03821497132316848
2014-10-17,-0.021709016620600225
2014-10-20,0.0010139977326976278
2014-10-21,0.029772988259865473
2014-10-22,0.03460469948170633
2014-10-23,0.05024573177521051
2014-10-24,0.05188997152078373
2014-10-27,0.04797263132041918
2014-10-28,0.06179481268518197
2014-10-29,0.06355368466345886
2014-10-30,0.05589006384771633
2014-10-31,0.061897439216057774
2014-11-03,0.07101822148731025
2014-11-04,0.05738383108490076
2014-11-05,0.05569564313568884
2014-11-06,0.04994252221604178
2014-11-07,0.04868788780357159
2014-11-10,0.042101991640935824
2014-11-11,0.045123344803156724
2014-11-12,0.05346703361950744
2014-11-13,0.06041178210818522
2014-11-14,0.06521130650187772
2014-11-17,0.0559621083338431
2014-11-18,0.06369786102387419
2014-11-19,0.04997516327473605
2014-11-20,0.059965353858910476
2014-11-21,0.05580737583086457
2014-11-24,0.06959073683955255
2014-11-25,0.05435514719598178
2014-11-26,0.06176654633893209
2014-11-28,0.05518588018242393
2014-12-01,0.015754364927636596
2014-12-02,0.009211828566251603
2014-12-03,0.01781325122062188
2014-12-04,0.01064852737396521
2014-12-05,0.003223176081461267
2014-12-08,-0.022147716009018197
2014-12-09,-0.008804377580325647
2014-12-10,-0.02961278867612331
2014-12-11,-0.03278206899080803
2014-12-12,-0.04863877708821933
2014-12-15,-0.059734494747809556
2014-12-16,-0.07014326604934937
2014-12-17,-0.04314781479947135
2014-12-18,-0.012421140859382939
2014-12-19,-0.018390572632255766
2014-12-22,-0.0060493061177367465
2014-12-23,-0.006952342259546918
2014-12-24,-0.009300928636833818
2014-12-26,0.011502977711333037
2014-12-29,0.01313057606644009
2014-12-30,0.001311391131196431
2014-12-31,-0.016760702071903156
2015-01-02,-0.023573143359751997
2015-01-05,-0.04832506061577728
2015-01-06,-0.04429327205950651
2015-01-07,-0.028067252413736445
2015-01-08,0.012338078477424163
2015-01-09,0.01345277472587304
2015-01-12,-0.011702930873267684
2015-01-13,-0.002700190471794436
2015-01-14,-0.007441077775048065
2015-01-15,-0.035778598626684054
2015-01-16,-0.04209201756979856
2015-01-20,-0.014296342835566044
2015-01-21,-0.005318770107776411
2015-01-22,0.02221436431241611
2015-01-23,0.027558002774879586
2015-01-26,0.028171955130542364
2015-01-27,-0.007405011134366937
2015-01-28,0.05110919161864345
2015-01-29,0.08238508460863816
2015-01-30,0.06220925154784857
2015-02-02,0.07153312428191252
2015-02-03,0.06544323175921188
2015-02-04,0.06736454923088955
2015-02-05,0.06484805584441683
2015-02-06,0.0519242254076733
2015-02-09,0.05551147648053363
2015-02-10,0.07058809438515579
2015-02-11,0.08974332403232103
2015-02-12,0.09594051213652569
2015-02-13,0.09153543195804086
2015-02-17,0.0876079908298932
2015-02-18,0.08588783277300506
2015-02-19,0.07446473278806588
2015-02-20,0.07564722490257626
2015-02-23,0.09679771716212415
2015-02-24,0.08061946579050507
2015-02-25,0.04265177195885431
2015-02-26,0.04981802600356071
2015-02-27,0.02901886890658889
2015-03-02,0.02916232025816501
2015-03-03,0.026808218872309966
2015-03-04,0.015754530553947158
2015-03-05,-0.004794107831697467
2015-03-06,-0.005963238774411842
2015-03-09,-0.004877447200016145
2015-03-10,-0.028432122826121023
2015-03-11,-0.047119699029935944
2015-03-12,-0.028840525119862084
2015-03-13,-0.03475478982167059
2015-03-16,-0.022731123940370208
2015-03-17,-0.005205245706638899
2015-03-18,0.006689477985918549
2015-03-19,-0.0009196813745503304
2015-03-20,-0.012642738260349914
2015-03-23,0.0005630001327590568
2015-03-24,-0.0014767446504835259
2015-03-25,-0.026717117725643804
2015-03-26,-0.017059969340628502
2015-03-27,-0.023175968665021706
2015-03-30,0.003997571393311987
2015-03-31,-0.010178015780878994
2015-04-01,-0.009906178176808634
2015-04-02,-0.00047434525282964257
2015-04-06,0.016262540322521217
2015-04-07,0.005480587890390892
2015-04-08,0.0015780692904518116
2015-04-09,0.007812225930557356
2015-04-10,0.011218063694613855
2015-04-13,0.007747873009293709
2015-04-14,0.00258199723123661
2015-04-15,0.0067034930165374455
2015-04-16,0.0025678527419878217
2015-04-17,-0.00816399682693979
2015-04-20,0.014983597629940703
2015-04-21,0.009330299746045559
2015-04-22,0.02283586826775532
2015-04-23,0.02892926684483875
2015-04-24,0.031430603616960186
2015-04-27,0.04712657567280697
2015-04-28,0.027946288148071454
2015-04-29,0.010263173368573002
2015-04-30,-0.018925428446885377
2015-05-01,0.010934358370828538
2015-05-04,0.00830875004960209
2015-05-05,-0.015503458390418346
2015-05-06,-0.021766503220236575
2015-05-07,-0.01918406601523738
2015-05-08,5.364526869900766e-05
2015-05-11,-0.010447671369919035
2015-05-12,-0.0139809400223347
2015-05-13,-0.012513746623102276
2015-05-14,0.010592420728836668
2015-05-15,0.007436509160557629
2015-05-18,0.01805544585760406
2015-05-19,0.015745919082965937
2015-05-20,0.015062807454778757
2015-05-21,0.025278649192352808
2015-05-22,0.03378114578421302
2015-05-26,0.011051495944589578
2015-05-27,0.03032537489871252
2015-05-28,0.026862750593385092
2015-05-29,0.01242151579774087
2015-06-01,0.013890425064907163
2015-06-02,0.00862708488626506
2015-06-03,0.008155637617364854
2015-06-04,0.00018313251117988512
2015-06-05,-0.006963304368343386
2015-06-08,-0.013936911888959798
2015-06-09,-0.017459424626359764
2015-06-10,-0.006826016160023383
2015-06-11,-0.010213034323103186
2015-06-12,-0.021000307690658044
2015-06-15,-0.022291062314927647
2015-06-16,-0.01574787550156033
2015-06-17,-0.017076264527820444
2015-06-18,-0.011489212346475819
2015-06-19,-0.01998411200042533
2015-06-22,-0.009769186686219648
2015-06-23,-0.01346004305049716
2015-06-24,-0.0030309208944359466
2015-06-25,-0.006284296666919217
2015-06-26,-0.011001866566885087
2015-06-29,-0.02680925911135181
2015-06-30,-0.01758167723957544
2015-07-01,-0.0064969774739344205
2015-07-02,-0.006620140049984947
2015-07-06,-0.009171575580685742
2015-07-07,-0.010872427101944814
2015-07-08,-0.034733877624695535
2015-07-09,-0.05194238111282952
2015-07-10,-0.023137881866222253
2015-07-13,-0.002660884917688787
2015-07-14,-0.0025327490428885186
2015-07-15,0.007914130812555376
2015-07-16,0.02155063801824514
2015-07-17,0.0301027292131547
2015-07-20,0.04824909755203858
2015-07-21,0.03584220337336845
2015-07-22,-0.00950453327483495
2015-07-23,-0.008786524631381624
2015-07-24,-0.01305084609711528
2015-07-27,-0.02585061110908847
2015-07-28,-0.020290317037804817
2015-07-29,-0.022549708855449685
2015-07-30,-0.02600631933509025
2015-07-31,-0.03287395339624096
2015-08-03,-0.05381062744482962
2015-08-04,-0.08136765138050156
2015-08-05,-0.07217453182989178
2015-08-06,-0.0725125243237886
2015-08-07,-0.06614364801232235
2015-08-10,-0.027997598092468566
2015-08-11,-0.07625381211257622
2015-08-12,-0.05662264828929616
2015-08-13,-0.051938918257466896
2015-08-14,-0.03924579405754539
2015-08-17,-0.0224361024820155
2015-08-18,-0.022106966060147348
2015-08-19,-0.030880497320903415
2015-08-20,-0.04647452010606226
2015-08-21,-0.10004387406954265
2015-08-24,-0.11577253839695852
2015-08-25,-0.10224775057412823
2015-08-26,-0.04236087556479782
2015-08-27,-0.008384119627187077
2015-08-28,-0.001266674241569308
2015-08-31,-0.0035579752392738235
2015-09-01,-0.047262599383626064
2015-09-02,-0.0028357850533042165
2015-09-03,-0.019043451909839054
2015-09-04,-0.026474882036538222
2015-09-08,0.005536842034788123
2015-09-09,-0.013253418213437602
2015-09-10,0.01085132256224826
2015-09-11,0.026830189293328397
2015-09-14,0.037579184682368254
2015-09-15,0.0472249367495226
2015-09-16,0.04850510927127888
2015-09-17,0.02539709071284094
2015-09-18,0.020552587413451284
2015-09-21,0.03262525067128055
2015-09-22,0.010638319489055146
2015-09-23,0.014241823353303274
2015-09-24,0.018073723497906615
2015-09-25,0.014523171945171623
2015-09-28,-0.006210119521824276
2015-09-29,-0.03594044459853397
2015-09-30,-0.025586630692964556
2015-10-01,-0.031028189297691355
2015-10-02,-0.02359516461231221
2015-10-05,-0.020562964370425887
2015-10-06,-0.015175943911166655
2015-10-07,-0.020394302034014995
2015-10-08,-0.030905742467494193
2015-10-09,-0.005536490160876067
2015-10-12,-0.008672496789860805
2015-10-13,-0.00480725447558872
2015-10-14,-0.01674454210021479
2015-10-15,-0.00028221727853511855
2015-10-16,-0.006867974203874057
2015-10-19,0.001268786139602413
2015-10-20,0.020353899645948307
2015-10-21,0.020529206406164357
2015-10-22,0.036745529841693186
2015-10-23,0.06848139314315176
2015-10-26,0.03115127364194898
2015-10-27,0.0216300703227514
2015-10-28,0.06160812638950618
2015-10-29,0.06797523775385796
2015-10-30,0.05386036359279813
2015-11-02,0.0643681976863986
2015-11-03,0.07168725786946949
2015-11-04,0.060947252290906355
2015-11-05,0.04557326438882186
2015-11-06,0.04260833945261863
2015-11-09,0.03395468496118429
2015-11-10,-0.0025850151514512807
2015-11-11,-0.011138792631543852
2015-11-12,-0.016334172060989256
2015-11-13,-0.04706079957371729
2015-11-16,-0.03171641358867936
2015-11-17,-0.03604815731800167
2015-11-18,-0.005493513106119205
2015-11-19,0.006336361221085454
2015-11-20,0.01087720524722062
2015-11-23,-0.004042146532437728
2015-11-24,0.0040852760499668446
2015-11-25,-0.0029211214167945802
2015-11-27,-0.00367216377763117
2015-11-30,0.001225001453150424
2015-12-01,-0.005624297653226728
2015-12-02,-0.012303074039865943
2015-12-03,-0.01896807219137331
2015-12-04,0.016253255240088107
2015-12-07,0.010771933204668353
2015-12-08,0.011386384168072685
2015-12-09,-0.011590313821633164
2015-12-10,-0.006669531753717395
2015-12-11,-0.03243194252393931
2015-12-14,-0.038779466548129214
2015-12-15,-0.05506294316588802
2015-12-16,-0.04642003896075641
2015-12-17,-0.06412229372391426
2015-12-18,-0.08540467043134901
2015-12-21,-0.06857978491372049
2015-12-22,-0.06499767577787129
2015-12-23,-0.04787412235944745
2015-12-24,-0.048824576793501044
2015-12-28,-0.0551963321671223
2015-12-29,-0.03304676719666279
2015-12-30,-0.04181723345566635
2015-12-31,-0.05623585512019869
2016-01-04,-0.05097741940864663
2016-01-05,-0.0687190221172159
2016-01-06,-0.08010887995665965
2016-01-07,-0.11144354661894383
2016-01-08,-0.09836435268279994
2016-01-11,-0.07506880571262625
2016-01-12,-0.054803525691575705
2016-01-13,-0.07333086717345376
2016-01-14,-0.04681059386215231
2016-01-15,-0.0641253441200089
2016-01-19,-0.06302321342877969
2016-01-20,-0.057256354935440436
2016-01-21,-0.0569334140618649
2016-01-22,-0.001166282409473733
2016-01-25,-0.017002740961706488
2016-01-26,-0.0071284993485135895
2016-01-27,-0.06904366150442542
2016-01-28,-0.05477188373713033
2016-01-29,-0.015233755535722187
2016-02-01,-0.02030851935250951
2016-02-02,-0.0355194805294935
2016-02-03,-0.012061533300078834
2016-02-04,-0.007167404384106403
2016-02-05,-0.03376246349331277
2016-02-08,-0.022033060673378308
2016-02-09,-0.020370845927023127
2016-02-10,-0.025166429395002833
2016-02-11,-0.02941258852392761
2016-02-12,-0.023309627055049284
2016-02-16,0.005955216483563311
2016-02-17,0.02137222353340421
2016-02-18,0.001281099870984827
2016-02-19,-0.0009854376640836366
2016-02-22,0.01072928550851514
2016-02-23,-0.010727881710315152
2016-02-24,0.00693754005077735
2016-02-25,0.012356859153316854
2016-02-26,0.012437708957233803
2016-02-29,0.010378191020719355
2016-03-01,0.05035467863662867
2016-03-02,0.049162810717698374
2016-03-03,0.054430139816681905
2016-03-04,0.0672574311609536
2016-03-07,0.05029739632800883
2016-03-08,0.03777368051516745
2016-03-09,0.035317475413265034
2016-03-10,0.03201990274176353
2016-03-11,0.0389720252464282
2016-03-14,0.03702753318509498
2016-03-15,0.05456399405379641
2016-03-16,0.06492936639176489
2016-03-17,0.05778846562610551
2016-03-18,0.053577197090223495
2016-03-21,0.04851554323839694
2016-03-22,0.05039370137966578
2016-03-23,0.03887127501137255
2016-03-24,0.02939922095530216
2016-03-28,0.020141402556581926
2016-03-29,0.039778411120877266
2016-03-30,0.05410165660268541
2016-03-31,0.043960230916519905
2016-04-01,0.049575589223316924
2016-04-04,0.05665441568240066
2016-04-05,0.03938563162072429
2016-04-06,0.04569690143608392
2016-04-07,0.017922467017333923
2016-04-08,0.015354236421222502
2016-04-11,0.01552170933704443
2016-04-12,0.025481148629686708
2016-04-13,0.037366972498765125
2016-04-14,0.03486138519071856
2016-04-15,0.01099564776719554
2016-04-18,-0.012695897290675646
2016-04-19,-0.018676741020172805
2016-04-20,-0.01674768663797961
2016-04-21,-0.027863872083907407
2016-04-22,-0.030664659337789394
2016-04-25,-0.03639599889957667
2016-04-26,-0.04188797336153456
2016-04-27,-0.09957754481369549
2016-04-28,-0.12235074673547675
2016-04-29,-0.12598454452721983
2016-05-02,-0.11940646781681946
2016-05-03,-0.09770287171655512
2016-05-04,-0.1000019947597588
2016-05-05,-0.10260322038000963
2016-05-06,-0.10058252250228479
2016-05-09,-0.09235013804158757
2016-05-10,-0.07780793289824914
2016-05-11,-0.07787020859127441
2016-05-12,-0.0901496820296531
2016-05-13,-0.07881011389400205
2016-05-16,-0.03585832521292989
2016-05-17,-0.033053367317674234
2016-05-18,-0.014670491856764167
2016-05-19,-0.012240777579846382
2016-05-20,0.004820902569916286
2016-05-23,0.02319283462576423
2016-05-24,0.04340561257577417
2016-05-25,0.06168951694074696
2016-05-26,0.06724141934498233
2016-05-27,0.0626386189157824
2016-05-31,0.053510067560575796
2016-06-01,0.036047953488376895
2016-06-02,0.025835411638370206
2016-06-03,0.025396807844125457
2016-06-06,0.029880167217477202
2016-06-07,0.030748747918164353
2016-06-08,0.026656863722936228
2016-06-09,0.030405800533812394
2016-06-10,0.016775076809301574
2016-06-13,-0.003040307801757489
2016-06-14,-0.003669516726572783
2016-06-15,-0.009057581896161382
2016-06-16,-0.006251611433105609
2016-06-17,-0.030608077141791534
2016-06-20,-0.03300387182121777
2016-06-21,-0.02407292521563123
2016-06-22,-0.02669880703021473
2016-06-23,-0.018955740372940816
2016-06-24,-0.044305720355056935
2016-06-27,-0.05468343805493362
2016-06-28,-0.03468328582953345
2016-06-29,-0.023747687525516457
2016-06-30,-0.009547928181511898
2016-07-01,-0.005285037581633925
2016-07-05,-0.013144895936941538
2016-07-06,-0.005337554583024819
2016-07-07,0.0008016015148777072
2016-07-08,0.01057936116137549
2016-07-11,0.014915704426735546
2016-07-12,0.019722537644566898
2016-07-13,0.013987930369040636
2016-07-14,0.03423937234724553
2016-07-15,0.0334285774352874
2016-07-18,0.042433354124220356
2016-07-19,0.040147152414814764
2016-07-20,0.03882946737491788
2016-07-21,0.030834959516492507
2016-07-22,0.020996885002105326
2016-07-25,0.0044588822641073575
2016-07-26,-0.005318047163284843
2016-07-27,0.05753579838662685
2016-07-28,0.06688260828707812
2016-07-29,0.06056498627777028
2016-08-01,0.07450249579974191
2016-08-02,0.05238830244140555
2016-08-03,0.060551385113674694
2016-08-04,0.055865860963031214
2016-08-05,0.06677674148942225
2016-08-08,0.06974269839414089
2016-08-09,0.06801013985135818
2016-08-10,0.05356115561668799
2016-08-11,0.04792297608171097
2016-08-12,0.045461939551740944
2016-08-15,0.053550742598319115
2016-08-16,0.047489887457187845
2016-08-17,0.04101494659225853
2016-08-18,0.03459948424129404
2016-08-19,0.03188769332217795
2016-08-22,0.01779183464945353
2016-08-23,0.015047901986966856
2016-08-24,0.004492518775954315
2016-08-25,-0.001587635058032828
2016-08-26,-0.009061459416493526
2016-08-29,-0.010602884874863543
2016-08-30,-0.019316644226620362
2016-08-31,-0.018491854333309327
2016-09-01,-0.012774364523116687
2016-09-02,-0.0031606488769019255
2016-09-06,-0.0031275887496135537
2016-09-07,0.0035240679168339045
2016-09-08,-0.02294870969817242
2016-09-09,-0.04395580555054576
2016-09-12,-0.020127053905274517
2016-09-13,0.00518505197331981
2016-09-14,0.0414851807713434
2016-09-15,0.07554896149677245
2016-09-16,0.06611068337011454
2016-09-19,0.05082684767410132
2016-09-20,0.04814665952626625
2016-09-21,0.045564940084691204
2016-09-22,0.052601590254866014
2016-09-23,0.031546233622350706
2016-09-26,0.030238665217923275
2016-09-27,0.02915942877291584
2016-09-28,0.03347619638686057
2016-09-29,0.013624890572851036
2016-09-30,0.01884531560455499
2016-10-03,0.01151620369674908
2016-10-04,0.0135198994454572
2016-10-05,0.011752271397213292
2016-10-06,0.01566745839814845
2016-10-07,0.012072147670098463
2016-10-10,0.025601103432986747
2016-10-11,0.02395265180409889
2016-10-12,0.030945056724525428
2016-10-13,0.026941639636107868
2016-10-14,0.03166584698674196
2016-10-17,0.029040489899246028
2016-10-18,0.026457882174393123
2016-10-19,0.02155792493440623
2016-10-20,0.01986407133084262
2016-10-21,0.013834147934257695
2016-10-24,0.021225388229856566
2016-10-25,0.024299617453236576
2016-10-26,-0.0007007544056852431
2016-10-27,-0.011830101384956142
2016-10-28,-0.019027592036156355
2016-10-31,-0.021113621466748014
2016-11-01,-0.03902321598300352
2016-11-02,-0.03748011770977445
2016-11-03,-0.0516707621553579
2016-11-04,-0.058408953377756666
2016-11-07,-0.04168052567805907
2016-11-08,-0.03343809195327651
2016-11-09,-0.03222074777431712
2016-11-10,-0.0565470044312968
2016-11-11,-0.04662365941045811
2016-11-14,-0.06660006242819992
2016-11-15,-0.0490411274290613
2016-11-16,-0.018882376853819594
2016-11-17,-0.01597300379835553
2016-11-18,-0.011893355944513725
2016-11-21,0.006710265513649756
2016-11-22,0.010465259306972821
2016-11-23,0.0071292364354520734
2016-11-25,0.01376984242496015
2016-11-28,0.01270763559228095
2016-11-29,0.012662216110531794
2016-11-30,0.004136296350255665
2016-12-01,-0.004712574642198439
2016-12-02,-0.0008230158605818591
2016-12-05,-0.008508369685734554
2016-12-06,-0.0002536648517953565
2016-12-07,0.010103083142451426
2016-12-08,0.019946213317807316
2016-12-09,0.03444895675216731
2016-12-12,0.025842666849357297
2016-12-13,0.039196432200412225
2016-12-14,0.03522474243180468
2016-12-15,0.038332686028828084
2016-12-16,0.03680577952557806
2016-12-19,0.03990388601348455
2016-12-20,0.040270939882915247
2016-12-21,0.03874497284733403
2016-12-22,0.029110261767034764
2016-12-23,0.0289889180696144
2016-12-27,0.03314693768121307
2016-12-28,0.025982093783323123
2016-12-29,0.022766915368795344
2016-12-30,0.011416802527645084